Workbook
Name IndHolidays: [1]Holidays!$B$2:$B$22
Name IndHolidays: Holidays!$B$2:$B$20

Sheet Current scenario Copy 21Apr
A1: No. | B1: Module | C1: Target page Technology | D1: Recieved Functional & Non Fuctional Walkthrough | E1: Buffer In case of no KT | F1: Module Target Start (Input) | G1: Revised Module Target Start (Input) | H1: Page | I1: Pod | J1: Developer | K1: Start Date | L1: Dev Efforts | M1: Sick/Leave (Input) | N1: PR Number | O1: Co- Pilot Comment Closure Date | P1: Unit Testing Closure Date | Q1: PR raised date | R1: Status | S1: Remarks | T1: PR Response Days | U1: PR Response receive Date | V1: PR Review Comments Fix Days | W1: PR Issue Fix Date | X1: PR Raised Date | Y1: PR Response Days | Z1: PR Response receive Date | AA1: PR Final Approval date | AB1: Code Merge Date (INT Ready) | AC1: TCR Deployment Date | AD1: TCR QE Testing Start Date | AE1: QE Testing Days (TCR) | AF1: TCR QE Testing End Date | AG1: Issue Fix Days | AH1: PR Raise Date | AI1: PR Response Days | AJ1: PR Response receive Date | AK1: New PR Update (Re-deploy) Date | AL1: Code Merge Date (INT Ready) | AM1: TCR QE Testing Start Date | AN1: QE Testing Days (TCR) | AO1: TCR Bugs Closure Date | AP1: Code Freeze Date | AQ1: TEST Deployment | AR1: Pearson Regression Testing/UAT Date | AS1: Pearson Regression Testing Day | AT1: Pearson Regression End Date | AU1: Issue Fix Days | AV1: PR raised date | AW1: PR Response Days | AX1: PR Response receive Date | AY1: Code freeze date = Release cutoff Date | AZ1: Release # | BA1: Release Request Approved Date | BB1: Release Date (2-Wk Cycle) | BC1: Code freeze date = Release cutoff Date | BD1: Elapsed time due to dependencies | BE1: Release alignment lost date | BF1: PR Review days | BG1: Time Lost due to Regression Testing | BH1: Release approval delays | BI1: Total time lost | BJ1: Issue Fix days | BK1: Development efforts can we reduce?
A2: 1 | B2: AddressBook | C2: =VLOOKUP(B2,'Target Tech'!$C$7:$J$33,8,FALSE) -> Complete ASP | D2: Yes | E2: 0 | F2: 46127 | G2: 46127 | H2: page_1 | I2: Pod 1 | J2: Pod 1_Member1 | K2: =F2 -> 46127 | L2: 3 | M2: 0 | N2: 1 | O2: =WORKDAY(K2-1, L2+M2, IndHolidays) -> 46129 | P2: =WORKDAY(K2-1, L2+M2, IndHolidays) -> 46129 | Q2: =WORKDAY(K2-1, L2+M2, IndHolidays) -> 46129 | R2: Completed | T2: 3 | U2: =WORKDAY(Q2, T2, IndHolidays) -> 46134 | V2: 1.5 | W2: =WORKDAY(U2, V2, IndHolidays) -> 46135 | X2: =WORKDAY(W2,0, IndHolidays) -> 46135 | Y2: 3 | Z2: =WORKDAY(X2, Y2, IndHolidays) -> 46140 | AA2: =WORKDAY(Z2, 0, IndHolidays) -> 46140 | AB2: =WORKDAY(AA2, 0, IndHolidays) -> 46140 | AC2: =WORKDAY(AB2, 1, IndHolidays) -> 46141 | AD2: =WORKDAY(AC2, 0, IndHolidays) -> 46141 | AF2: =WORKDAY(AD2, AE2, IndHolidays) -> 46141 | AG2: 2 | AH2: =WORKDAY(AF2, AG2, IndHolidays) -> 46146 | AI2: 3 | AJ2: =WORKDAY(AH2, AI2, IndHolidays) -> 46149 | AK2: =WORKDAY(AJ2, 0, IndHolidays) -> 46149 | AL2: =WORKDAY(AK2, 1, IndHolidays) -> 46150 | AM2: =WORKDAY(AL2, 0, IndHolidays) -> 46150 | AO2: =WORKDAY(AM2, AN2, IndHolidays) -> 46150 | AP2: =AO2 -> 46150 | AQ2: =AP2 -> 46150 | AR2: =WORKDAY(AQ2, 1, IndHolidays) -> 46153 | AT2: =WORKDAY(AR2, AS2, IndHolidays) -> 46153 | AU2: 0 | AV2: =WORKDAY(AT2, AU2, IndHolidays) -> 46153 | AW2: 0 | AX2: =WORKDAY(AV2, AW2, IndHolidays) -> 46153 | AY2: =_xlfn.MINIFS(ReleaseTimeline!$A$2:$A$27, ReleaseTimeline!$A$2:$A$27, ">="&(MAX(AX2,AO2))) -> 46163 | AZ2: =VLOOKUP(AY2,ReleaseTimeline!$A$1:$E$27,2,FALSE) -> Release 11 | BA2: =WORKDAY(AZ2, 2, IndHolidays) -> #VALUE! | BB2: =VLOOKUP(AZ2,ReleaseTimeline!$B$2:$C$27,2,FALSE) -> 46170 | BC2: =VLOOKUP(BA2,ReleaseTimeline!$B$2:$C$27,2,FALSE) -> #VALUE! | BD2: =(BB2 - P2) -> 41 | BF2: =(T2+Y2+AI2+AW2) -> 9
A3: 2 | B3: AddressBook | C3: =VLOOKUP(B3,'Target Tech'!$C$7:$J$33,8,FALSE) -> Complete ASP | D3: Yes | E3: 0 | F3: 46127 | G3: 46127 | H3: page_2 | I3: Pod 1 | J3: Pod 1_Member2 | K3: =F3 -> 46127 | L3: 3 | M3: 0 | N3: 2 | O3: =WORKDAY(K3-1, L3+M3, IndHolidays) -> 46129 | P3: =WORKDAY(K3-1, L3+M3, IndHolidays) -> 46129 | Q3: =WORKDAY(K3-1, L3+M3, IndHolidays) -> 46129 | R3: Completed | T3: 3 | U3: =WORKDAY(Q3, T3, IndHolidays) -> 46134 | V3: 1.5 | W3: =WORKDAY(U3, V3, IndHolidays) -> 46135 | X3: =WORKDAY(W3,0, IndHolidays) -> 46135 | Y3: 3 | Z3: =WORKDAY(X3, Y3, IndHolidays) -> 46140 | AA3: =WORKDAY(Z3, 0, IndHolidays) -> 46140 | AB3: =WORKDAY(AA3, 0, IndHolidays) -> 46140 | AC3: =WORKDAY(AB3, 1, IndHolidays) -> 46141 | AD3: =WORKDAY(AC3, 0, IndHolidays) -> 46141 | AF3: =WORKDAY(AD3, AE3, IndHolidays) -> 46141 | AG3: 2 | AH3: =WORKDAY(AF3, AG3, IndHolidays) -> 46146 | AI3: 3 | AJ3: =WORKDAY(AH3, AI3, IndHolidays) -> 46149 | AK3: =WORKDAY(AJ3, 0, IndHolidays) -> 46149 | AL3: =WORKDAY(AK3, 1, IndHolidays) -> 46150 | AM3: =WORKDAY(AL3, 0, IndHolidays) -> 46150 | AO3: =WORKDAY(AM3, AN3, IndHolidays) -> 46150 | AP3: =AO3 -> 46150 | AQ3: =AP3 -> 46150 | AR3: =WORKDAY(AQ3, 1, IndHolidays) -> 46153 | AT3: =WORKDAY(AR3, AS3, IndHolidays) -> 46153 | AU3: 0 | AV3: =WORKDAY(AT3, AU3, IndHolidays) -> 46153 | AW3: 0 | AX3: =WORKDAY(AV3, AW3, IndHolidays) -> 46153 | AY3: =_xlfn.MINIFS(ReleaseTimeline!$A$2:$A$27, ReleaseTimeline!$A$2:$A$27, ">="&(MAX(AX3,AO3))) -> 46163 | AZ3: =VLOOKUP(AY3,ReleaseTimeline!$A$1:$E$27,2,FALSE) -> Release 11 | BA3: =WORKDAY(AZ3, 2, IndHolidays) -> #VALUE! | BB3: =VLOOKUP(AZ3,ReleaseTimeline!$B$2:$C$27,2,FALSE) -> 46170 | BC3: =WORKDAY(BB3, -5) -> 46163 | BD3: =(BB3 - P3) -> 41 | BF3: =(T3+Y3+AI3+AW3) -> 9
A4: 3 | B4: AddressBook | C4: =VLOOKUP(B4,'Target Tech'!$C$7:$J$33,8,FALSE) -> Complete ASP | D4: Yes | E4: 0 | F4: 46127 | G4: 46127 | H4: page_3 | I4: Pod 1 | J4: Pod 1_Member3 | K4: =F4 -> 46127 | L4: 3 | M4: 0 | N4: 3 | O4: =WORKDAY(K4-1, L4+M4, IndHolidays) -> 46129 | P4: =WORKDAY(K4-1, L4+M4, IndHolidays) -> 46129 | Q4: =WORKDAY(K4-1, L4+M4, IndHolidays) -> 46129 | R4: Completed | T4: 3 | U4: =WORKDAY(Q4, T4, IndHolidays) -> 46134 | V4: 1.5 | W4: =WORKDAY(U4, V4, IndHolidays) -> 46135 | X4: =WORKDAY(W4,0, IndHolidays) -> 46135 | Y4: 3 | Z4: =WORKDAY(X4, Y4, IndHolidays) -> 46140 | AA4: =WORKDAY(Z4, 0, IndHolidays) -> 46140 | AB4: =WORKDAY(AA4, 0, IndHolidays) -> 46140 | AC4: =WORKDAY(AB4, 1, IndHolidays) -> 46141 | AD4: =WORKDAY(AC4, 0, IndHolidays) -> 46141 | AF4: =WORKDAY(AD4, AE4, IndHolidays) -> 46141 | AG4: 2 | AH4: =WORKDAY(AF4, AG4, IndHolidays) -> 46146 | AI4: 3 | AJ4: =WORKDAY(AH4, AI4, IndHolidays) -> 46149 | AK4: =WORKDAY(AJ4, 0, IndHolidays) -> 46149 | AL4: =WORKDAY(AK4, 1, IndHolidays) -> 46150 | AM4: =WORKDAY(AL4, 0, IndHolidays) -> 46150 | AO4: =WORKDAY(AM4, AN4, IndHolidays) -> 46150 | AP4: =AO4 -> 46150 | AQ4: =AP4 -> 46150 | AR4: =WORKDAY(AQ4, 1, IndHolidays) -> 46153 | AT4: =WORKDAY(AR4, AS4, IndHolidays) -> 46153 | AU4: 0 | AV4: =WORKDAY(AT4, AU4, IndHolidays) -> 46153 | AW4: 0 | AX4: =WORKDAY(AV4, AW4, IndHolidays) -> 46153 | AY4: =_xlfn.MINIFS(ReleaseTimeline!$A$2:$A$27, ReleaseTimeline!$A$2:$A$27, ">="&(MAX(AX4,AO4))) -> 46163 | AZ4: =VLOOKUP(AY4,ReleaseTimeline!$A$1:$E$27,2,FALSE) -> Release 11 | BA4: =WORKDAY(AZ4, 2, IndHolidays) -> #VALUE! | BB4: =VLOOKUP(AZ4,ReleaseTimeline!$B$2:$C$27,2,FALSE) -> 46170 | BC4: =WORKDAY(BB4, -5) -> 46163 | BD4: =(BB4 - P4) -> 41 | BF4: =(T4+Y4+AI4+AW4) -> 9
A5: 4 | B5: AddressBook | C5: =VLOOKUP(B5,'Target Tech'!$C$7:$J$33,8,FALSE) -> Complete ASP | D5: Yes | E5: 0 | F5: 46132 | G5: 46132 | H5: page_4 | I5: Pod 1 | J5: Pod 1_Member1 | K5: =F5 -> 46132 | L5: 3 | M5: 0 | N5: 4 | O5: =WORKDAY(K5-1, L5+M5, IndHolidays) -> 46134 | P5: =WORKDAY(K5-1, L5+M5, IndHolidays) -> 46134 | Q5: =WORKDAY(K5-1, L5+M5, IndHolidays) -> 46134 | R5: Completed | T5: 3 | U5: =WORKDAY(Q5, T5, IndHolidays) -> 46139 | V5: 1.5 | W5: =WORKDAY(U5, V5, IndHolidays) -> 46140 | X5: =WORKDAY(W5,0, IndHolidays) -> 46140 | Y5: 3 | Z5: =WORKDAY(X5, Y5, IndHolidays) -> 46146 | AA5: =WORKDAY(Z5, 0, IndHolidays) -> 46146 | AB5: =WORKDAY(AA5, 0, IndHolidays) -> 46146 | AC5: =WORKDAY(AB5, 1, IndHolidays) -> 46147 | AD5: =WORKDAY(AC5, 0, IndHolidays) -> 46147 | AF5: =WORKDAY(AD5, AE5, IndHolidays) -> 46147 | AG5: 2 | AH5: =WORKDAY(AF5, AG5, IndHolidays) -> 46149 | AI5: 3 | AJ5: =WORKDAY(AH5, AI5, IndHolidays) -> 46154 | AK5: =WORKDAY(AJ5, 0, IndHolidays) -> 46154 | AL5: =WORKDAY(AK5, 1, IndHolidays) -> 46155 | AM5: =WORKDAY(AL5, 0, IndHolidays) -> 46155 | AO5: =WORKDAY(AM5, AN5, IndHolidays) -> 46155 | AP5: =AO5 -> 46155 | AQ5: =AP5 -> 46155 | AR5: =WORKDAY(AQ5, 1, IndHolidays) -> 46156 | AT5: =WORKDAY(AR5, AS5, IndHolidays) -> 46156 | AU5: 0 | AV5: =WORKDAY(AT5, AU5, IndHolidays) -> 46156 | AW5: 0 | AX5: =WORKDAY(AV5, AW5, IndHolidays) -> 46156 | AY5: =_xlfn.MINIFS(ReleaseTimeline!$A$2:$A$27, ReleaseTimeline!$A$2:$A$27, ">="&(MAX(AX5,AO5))) -> 46163 | AZ5: =VLOOKUP(AY5,ReleaseTimeline!$A$1:$E$27,2,FALSE) -> Release 11 | BA5: =WORKDAY(AZ5, 2, IndHolidays) -> #VALUE! | BB5: =VLOOKUP(AZ5,ReleaseTimeline!$B$2:$C$27,2,FALSE) -> 46170 | BC5: =WORKDAY(BB5, -5) -> 46163 | BD5: =(BB5 - P5) -> 36 | BF5: =(T5+Y5+AI5+AW5) -> 9
A6: 5 | B6: AddressBook | C6: =VLOOKUP(B6,'Target Tech'!$C$7:$J$33,8,FALSE) -> Complete ASP | D6: Yes | E6: 0 | F6: 46132 | G6: 46132 | H6: page_5 | I6: Pod 1 | J6: Pod 1_Member2 | K6: =F6 -> 46132 | L6: 3 | M6: 0 | N6: 5 | O6: =WORKDAY(K6-1, L6+M6, IndHolidays) -> 46134 | P6: =WORKDAY(K6-1, L6+M6, IndHolidays) -> 46134 | Q6: =WORKDAY(K6-1, L6+M6, IndHolidays) -> 46134 | R6: Completed | T6: 3 | U6: =WORKDAY(Q6, T6, IndHolidays) -> 46139 | V6: 1.5 | W6: =WORKDAY(U6, V6, IndHolidays) -> 46140 | X6: =WORKDAY(W6,0, IndHolidays) -> 46140 | Y6: 3 | Z6: =WORKDAY(X6, Y6, IndHolidays) -> 46146 | AA6: =WORKDAY(Z6, 0, IndHolidays) -> 46146 | AB6: =WORKDAY(AA6, 0, IndHolidays) -> 46146 | AC6: =WORKDAY(AB6, 1, IndHolidays) -> 46147 | AD6: =WORKDAY(AC6, 0, IndHolidays) -> 46147 | AE6: 3 | AF6: =WORKDAY(AD6, AE6, IndHolidays) -> 46150 | AG6: 2 | AH6: =WORKDAY(AF6, AG6, IndHolidays) -> 46154 | AI6: 3 | AJ6: =WORKDAY(AH6, AI6, IndHolidays) -> 46157 | AK6: =WORKDAY(AJ6, 0, IndHolidays) -> 46157 | AL6: =WORKDAY(AK6, 1, IndHolidays) -> 46160 | AM6: =WORKDAY(AL6, 0, IndHolidays) -> 46160 | AN6: 1 | AO6: =WORKDAY(AM6, AN6, IndHolidays) -> 46161 | AP6: =AO6 -> 46161 | AQ6: =AP6 -> 46161 | AR6: =WORKDAY(AQ6, 1, IndHolidays) -> 46162 | AS6: 3 | AT6: =WORKDAY(AR6, AS6, IndHolidays) -> 46167 | AU6: 0 | AV6: =WORKDAY(AT6, AU6, IndHolidays) -> 46167 | AW6: 0 | AX6: =WORKDAY(AV6, AW6, IndHolidays) -> 46167 | AY6: =_xlfn.MINIFS(ReleaseTimeline!$A$2:$A$27, ReleaseTimeline!$A$2:$A$27, ">="&(MAX(AX6,AO6))) -> 46177 | AZ6: =VLOOKUP(AY6,ReleaseTimeline!$A$1:$E$27,2,FALSE) -> Release 12 | BA6: =WORKDAY(AZ6, 2, IndHolidays) -> #VALUE! | BB6: =VLOOKUP(AZ6,ReleaseTimeline!$B$2:$C$27,2,FALSE) -> 46184 | BC6: =WORKDAY(BB6, -5) -> 46177 | BD6: =(BB6 - P6) -> 50 | BE6: =(BB6-AZ6) -> #VALUE! | BF6: =(T6+Y6+AI6+AW6) -> 9 | BI6: =(BE6+BF6) -> #VALUE!
A7: 6 | B7: Assessments | C7: =VLOOKUP(B7,'Target Tech'!$C$7:$J$33,8,FALSE) -> Complete ASP | D7: Yes | E7: 0 | F7: 46127 | G7: 46134 | H7: assessments\results\manager.aspx.cs | I7: Pod 2 | J7: Vijay | K7: 46136 | L7: 3 | M7: 0 | N7: 1 | O7: =WORKDAY(K7-1, L7+M7, IndHolidays) -> 46140 | P7: =WORKDAY(K7-1, L7+M7, IndHolidays) -> 46140 | Q7: =WORKDAY(K7-1, L7+M7, IndHolidays) -> 46140 | R7: On track | S7: Dev in progress, PR will be raisd on 28th Apr | T7: 3 | U7: =WORKDAY(Q7, T7, IndHolidays) -> 46146 | V7: 1.5 | W7: =WORKDAY(U7, V7, IndHolidays) -> 46147 | X7: =WORKDAY(W7,0, IndHolidays) -> 46147 | Y7: 3 | Z7: =WORKDAY(X7, Y7, IndHolidays) -> 46150 | AA7: =WORKDAY(Z7, 0, IndHolidays) -> 46150 | AB7: =WORKDAY(AA7, 0, IndHolidays) -> 46150 | AC7: =WORKDAY(AB7, 1, IndHolidays) -> 46153 | AD7: =WORKDAY(AC7, 0, IndHolidays) -> 46153 | AF7: =WORKDAY(AD7, AE7, IndHolidays) -> 46153 | AG7: 2 | AH7: =WORKDAY(AF7, AG7, IndHolidays) -> 46155 | AI7: 3 | AJ7: =WORKDAY(AH7, AI7, IndHolidays) -> 46160 | AK7: =WORKDAY(AJ7, 0, IndHolidays) -> 46160 | AL7: =WORKDAY(AK7, 1, IndHolidays) -> 46161 | AM7: =WORKDAY(AL7, 0, IndHolidays) -> 46161 | AO7: =WORKDAY(AM7, AN7, IndHolidays) -> 46161 | AP7: =AO7 -> 46161 | AQ7: =AP7 -> 46161 | AR7: =WORKDAY(AQ7, 1, IndHolidays) -> 46162 | AT7: =WORKDAY(AR7, AS7, IndHolidays) -> 46162 | AU7: 0 | AV7: =WORKDAY(AT7, AU7, IndHolidays) -> 46162 | AW7: 0 | AX7: =WORKDAY(AV7, AW7, IndHolidays) -> 46162 | AY7: =_xlfn.MINIFS(ReleaseTimeline!$A$2:$A$27, ReleaseTimeline!$A$2:$A$27, ">="&(MAX(AX7,AO7))) -> 46163 | AZ7: =VLOOKUP(AY7,ReleaseTimeline!$A$1:$E$27,2,FALSE) -> Release 11 | BA7: =WORKDAY(AZ7, 3, IndHolidays) -> #VALUE! | BB7: =VLOOKUP(AZ7,ReleaseTimeline!$B$2:$C$27,2,FALSE) -> 46170 | BC7: =WORKDAY(BB7, -5) -> 46163 | BD7: =(BB7 - P7) -> 30 | BF7: =(T7+Y7+AI7+AW7) -> 9
A8: 7 | B8: Assessments | C8: =VLOOKUP(B8,'Target Tech'!$C$7:$J$33,8,FALSE) -> Complete ASP | D8: Yes | E8: 0 | F8: 46127 | G8: 46134 | H8: assessments\results\listtaken.aspx.cs | I8: Pod 2 | J8: Sohith | K8: 46136 | L8: 3 | M8: 0 | N8: 2 | O8: =WORKDAY(K8-1, L8+M8, IndHolidays) -> 46140 | P8: =WORKDAY(K8-1, L8+M8, IndHolidays) -> 46140 | Q8: =WORKDAY(K8-1, L8+M8, IndHolidays) -> 46140 | R8: On track | S8: Dev in progress, PR will be raisd on 28th Apr Kept on hold on 28th Apr as we were raised PR for shared controls. | T8: 3 | U8: =WORKDAY(Q8, T8, IndHolidays) -> 46146 | V8: 1.5 | W8: =WORKDAY(U8, V8, IndHolidays) -> 46147 | X8: =WORKDAY(W8,0, IndHolidays) -> 46147 | Y8: 3 | Z8: =WORKDAY(X8, Y8, IndHolidays) -> 46150 | AA8: =WORKDAY(Z8, 0, IndHolidays) -> 46150 | AB8: =WORKDAY(AA8, 0, IndHolidays) -> 46150 | AC8: =WORKDAY(AB8, 1, IndHolidays) -> 46153 | AD8: =WORKDAY(AC8, 0, IndHolidays) -> 46153 | AF8: =WORKDAY(AD8, AE8, IndHolidays) -> 46153 | AG8: 2 | AH8: =WORKDAY(AF8, AG8, IndHolidays) -> 46155 | AI8: 3 | AJ8: =WORKDAY(AH8, AI8, IndHolidays) -> 46160 | AK8: =WORKDAY(AJ8, 0, IndHolidays) -> 46160 | AL8: =WORKDAY(AK8, 1, IndHolidays) -> 46161 | AM8: =WORKDAY(AL8, 0, IndHolidays) -> 46161 | AO8: =WORKDAY(AM8, AN8, IndHolidays) -> 46161 | AP8: =AO8 -> 46161 | AQ8: =AP8 -> 46161 | AR8: =WORKDAY(AQ8, 1, IndHolidays) -> 46162 | AT8: =WORKDAY(AR8, AS8, IndHolidays) -> 46162 | AU8: 0 | AV8: =WORKDAY(AT8, AU8, IndHolidays) -> 46162 | AW8: 0 | AX8: =WORKDAY(AV8, AW8, IndHolidays) -> 46162 | AY8: =_xlfn.MINIFS(ReleaseTimeline!$A$2:$A$27, ReleaseTimeline!$A$2:$A$27, ">="&(MAX(AX8,AO8))) -> 46163 | AZ8: =VLOOKUP(AY8,ReleaseTimeline!$A$1:$E$27,2,FALSE) -> Release 11 | BA8: =WORKDAY(AZ8, 3, IndHolidays) -> #VALUE! | BB8: =VLOOKUP(AZ8,ReleaseTimeline!$B$2:$C$27,2,FALSE) -> 46170 | BC8: =WORKDAY(BB8, -5) -> 46163 | BD8: =(BB8 - P8) -> 30 | BF8: =(T8+Y8+AI8+AW8) -> 9
A9: 8 | B9: Assessments | C9: =VLOOKUP(B9,'Target Tech'!$C$7:$J$33,8,FALSE) -> Complete ASP | D9: Yes | E9: 0 | F9: 46127 | G9: 46134 | H9: assessments\reports\assessmentQuestionAnalysis.aspx.cs | I9: Pod 2 | J9: Anil | K9: 46136 | L9: 3 | M9: 0 | N9: 3 | O9: =WORKDAY(K9-1, L9+M9, IndHolidays) -> 46140 | P9: =WORKDAY(K9-1, L9+M9, IndHolidays) -> 46140 | Q9: =WORKDAY(K9-1, L9+M9, IndHolidays) -> 46140 | S9: Dev completed however facing UI issues. fix in progress. | T9: 3 | U9: =WORKDAY(Q9, T9, IndHolidays) -> 46146 | V9: 1.5 | W9: =WORKDAY(U9, V9, IndHolidays) -> 46147 | X9: =WORKDAY(W9,0, IndHolidays) -> 46147 | Y9: 3 | Z9: =WORKDAY(X9, Y9, IndHolidays) -> 46150 | AA9: =WORKDAY(Z9, 0, IndHolidays) -> 46150 | AB9: =WORKDAY(AA9, 0, IndHolidays) -> 46150 | AC9: =WORKDAY(AB9, 1, IndHolidays) -> 46153 | AD9: =WORKDAY(AC9, 0, IndHolidays) -> 46153 | AF9: =WORKDAY(AD9, AE9, IndHolidays) -> 46153 | AG9: 2 | AH9: =WORKDAY(AF9, AG9, IndHolidays) -> 46155 | AI9: 3 | AJ9: =WORKDAY(AH9, AI9, IndHolidays) -> 46160 | AK9: =WORKDAY(AJ9, 0, IndHolidays) -> 46160 | AL9: =WORKDAY(AK9, 1, IndHolidays) -> 46161 | AM9: =WORKDAY(AL9, 0, IndHolidays) -> 46161 | AO9: =WORKDAY(AM9, AN9, IndHolidays) -> 46161 | AP9: =AO9 -> 46161 | AQ9: =AP9 -> 46161 | AR9: =WORKDAY(AQ9, 1, IndHolidays) -> 46162 | AT9: =WORKDAY(AR9, AS9, IndHolidays) -> 46162 | AU9: 0 | AV9: =WORKDAY(AT9, AU9, IndHolidays) -> 46162 | AW9: 0 | AX9: =WORKDAY(AV9, AW9, IndHolidays) -> 46162 | AY9: =_xlfn.MINIFS(ReleaseTimeline!$A$2:$A$27, ReleaseTimeline!$A$2:$A$27, ">="&(MAX(AX9,AO9))) -> 46163 | AZ9: =VLOOKUP(AY9,ReleaseTimeline!$A$1:$E$27,2,FALSE) -> Release 11 | BA9: =WORKDAY(AZ9, 3, IndHolidays) -> #VALUE! | BB9: =VLOOKUP(AZ9,ReleaseTimeline!$B$2:$C$27,2,FALSE) -> 46170 | BC9: =WORKDAY(BB9, -5) -> 46163 | BD9: =(BB9 - P9) -> 30 | BF9: =(T9+Y9+AI9+AW9) -> 9
A10: 9 | B10: Assessments | C10: =VLOOKUP(B10,'Target Tech'!$C$7:$J$33,8,FALSE) -> Complete ASP | D10: Yes | E10: 0 | F10: 46132 | G10: 46146 | H10: assessments\import.aspx.cs | I10: Pod 2 | J10: Anil | K10: 46146 | L10: 3 | M10: 0 | N10: 4 | O10: =WORKDAY(K10-1, L10+M10, IndHolidays) -> 46148 | P10: =WORKDAY(K10-1, L10+M10, IndHolidays) -> 46148 | Q10: =WORKDAY(K10-1, L10+M10, IndHolidays) -> 46148 | T10: 3 | U10: =WORKDAY(Q10, T10, IndHolidays) -> 46153 | V10: 1.5 | W10: =WORKDAY(U10, V10, IndHolidays) -> 46154 | X10: =WORKDAY(W10,0, IndHolidays) -> 46154 | Y10: 3 | Z10: =WORKDAY(X10, Y10, IndHolidays) -> 46157 | AA10: =WORKDAY(Z10, 0, IndHolidays) -> 46157 | AB10: =WORKDAY(AA10, 0, IndHolidays) -> 46157 | AC10: =WORKDAY(AB10, 1, IndHolidays) -> 46160 | AD10: =WORKDAY(AC10, 0, IndHolidays) -> 46160 | AF10: =WORKDAY(AD10, AE10, IndHolidays) -> 46160 | AG10: 2 | AH10: =WORKDAY(AF10, AG10, IndHolidays) -> 46162 | AI10: 3 | AJ10: =WORKDAY(AH10, AI10, IndHolidays) -> 46167 | AK10: =WORKDAY(AJ10, 0, IndHolidays) -> 46167 | AL10: =WORKDAY(AK10, 1, IndHolidays) -> 46168 | AM10: =WORKDAY(AL10, 0, IndHolidays) -> 46168 | AO10: =WORKDAY(AM10, AN10, IndHolidays) -> 46168 | AP10: =AO10 -> 46168 | AQ10: =AP10 -> 46168 | AR10: =WORKDAY(AQ10, 1, IndHolidays) -> 46169 | AT10: =WORKDAY(AR10, AS10, IndHolidays) -> 46169 | AU10: 0 | AV10: =WORKDAY(AT10, AU10, IndHolidays) -> 46169 | AW10: 0 | AX10: =WORKDAY(AV10, AW10, IndHolidays) -> 46169 | AY10: =_xlfn.MINIFS(ReleaseTimeline!$A$2:$A$27, ReleaseTimeline!$A$2:$A$27, ">="&(MAX(AX10,AO10))) -> 46177 | AZ10: =VLOOKUP(AY10,ReleaseTimeline!$A$1:$E$27,2,FALSE) -> Release 12 | BA10: =WORKDAY(AZ10, 3, IndHolidays) -> #VALUE! | BB10: =VLOOKUP(AZ10,ReleaseTimeline!$B$2:$C$27,2,FALSE) -> 46184 | BC10: =WORKDAY(BB10, -5) -> 46177 | BD10: =(BB10 - P10) -> 36 | BF10: =(T10+Y10+AI10+AW10) -> 9
A11: 10 | B11: Assessments | C11: =VLOOKUP(B11,'Target Tech'!$C$7:$J$33,8,FALSE) -> Complete ASP | D11: Yes | E11: 0 | F11: 46132 | G11: 46146 | H11: assessments\assessment.aspx.cs | I11: Pod 2 | J11: Sohith | K11: 46146 | L11: 3 | M11: 0 | N11: 5 | O11: =WORKDAY(K11-1, L11+M11, IndHolidays) -> 46148 | P11: =WORKDAY(K11-1, L11+M11, IndHolidays) -> 46148 | Q11: =WORKDAY(K11-1, L11+M11, IndHolidays) -> 46148 | T11: 3 | U11: =WORKDAY(Q11, T11, IndHolidays) -> 46153 | V11: 1.5 | W11: =WORKDAY(U11, V11, IndHolidays) -> 46154 | X11: =WORKDAY(W11,0, IndHolidays) -> 46154 | Y11: 3 | Z11: =WORKDAY(X11, Y11, IndHolidays) -> 46157 | AA11: =WORKDAY(Z11, 0, IndHolidays) -> 46157 | AB11: =WORKDAY(AA11, 0, IndHolidays) -> 46157 | AC11: =WORKDAY(AB11, 1, IndHolidays) -> 46160 | AD11: =WORKDAY(AC11, 0, IndHolidays) -> 46160 | AF11: =WORKDAY(AD11, AE11, IndHolidays) -> 46160 | AG11: 2 | AH11: =WORKDAY(AF11, AG11, IndHolidays) -> 46162 | AI11: 3 | AJ11: =WORKDAY(AH11, AI11, IndHolidays) -> 46167 | AK11: =WORKDAY(AJ11, 0, IndHolidays) -> 46167 | AL11: =WORKDAY(AK11, 1, IndHolidays) -> 46168 | AM11: =WORKDAY(AL11, 0, IndHolidays) -> 46168 | AO11: =WORKDAY(AM11, AN11, IndHolidays) -> 46168 | AP11: =AO11 -> 46168 | AQ11: =AP11 -> 46168 | AR11: =WORKDAY(AQ11, 1, IndHolidays) -> 46169 | AT11: =WORKDAY(AR11, AS11, IndHolidays) -> 46169 | AU11: 0 | AV11: =WORKDAY(AT11, AU11, IndHolidays) -> 46169 | AW11: 0 | AX11: =WORKDAY(AV11, AW11, IndHolidays) -> 46169 | AY11: =_xlfn.MINIFS(ReleaseTimeline!$A$2:$A$27, ReleaseTimeline!$A$2:$A$27, ">="&(MAX(AX11,AO11))) -> 46177 | AZ11: =VLOOKUP(AY11,ReleaseTimeline!$A$1:$E$27,2,FALSE) -> Release 12 | BA11: =WORKDAY(AZ11, 3, IndHolidays) -> #VALUE! | BB11: =VLOOKUP(AZ11,ReleaseTimeline!$B$2:$C$27,2,FALSE) -> 46184 | BC11: =WORKDAY(BB11, -5) -> 46177 | BD11: =(BB11 - P11) -> 36 | BF11: =(T11+Y11+AI11+AW11) -> 9
A12: 11 | B12: Assessments | C12: =VLOOKUP(B12,'Target Tech'!$C$7:$J$33,8,FALSE) -> Complete ASP | D12: Yes | E12: 0 | F12: 46132 | G12: 46140 | H12: assessments\reports\assessmentAnswersAccepted.aspx.cs | I12: Pod 2 | J12: Anil | K12: 46136 | L12: 3 | M12: 0 | N12: 6 | O12: =WORKDAY(K12-1, L12+M12, IndHolidays) -> 46140 | P12: =WORKDAY(K12-1, L12+M12, IndHolidays) -> 46140 | Q12: =WORKDAY(K12-1, L12+M12, IndHolidays) -> 46140 | S12: Dev completed however facing UI issues. fix in progress. | T12: 3 | U12: =WORKDAY(Q12, T12, IndHolidays) -> 46146 | V12: 1.5 | W12: =WORKDAY(U12, V12, IndHolidays) -> 46147 | X12: =WORKDAY(W12,0, IndHolidays) -> 46147 | Y12: 3 | Z12: =WORKDAY(X12, Y12, IndHolidays) -> 46150 | AA12: =WORKDAY(Z12, 0, IndHolidays) -> 46150 | AB12: =WORKDAY(AA12, 0, IndHolidays) -> 46150 | AC12: =WORKDAY(AB12, 1, IndHolidays) -> 46153 | AD12: =WORKDAY(AC12, 0, IndHolidays) -> 46153 | AF12: =WORKDAY(AD12, AE12, IndHolidays) -> 46153 | AG12: 2 | AH12: =WORKDAY(AF12, AG12, IndHolidays) -> 46155 | AI12: 3 | AJ12: =WORKDAY(AH12, AI12, IndHolidays) -> 46160 | AK12: =WORKDAY(AJ12, 0, IndHolidays) -> 46160 | AL12: =WORKDAY(AK12, 1, IndHolidays) -> 46161 | AM12: =WORKDAY(AL12, 0, IndHolidays) -> 46161 | AO12: =WORKDAY(AM12, AN12, IndHolidays) -> 46161 | AP12: =AO12 -> 46161 | AQ12: =AP12 -> 46161 | AR12: =WORKDAY(AQ12, 1, IndHolidays) -> 46162 | AT12: =WORKDAY(AR12, AS12, IndHolidays) -> 46162 | AU12: 0 | AV12: =WORKDAY(AT12, AU12, IndHolidays) -> 46162 | AW12: 0 | AX12: =WORKDAY(AV12, AW12, IndHolidays) -> 46162 | AY12: =_xlfn.MINIFS(ReleaseTimeline!$A$2:$A$27, ReleaseTimeline!$A$2:$A$27, ">="&(MAX(AX12,AO12))) -> 46163 | AZ12: =VLOOKUP(AY12,ReleaseTimeline!$A$1:$E$27,2,FALSE) -> Release 11 | BA12: =WORKDAY(AZ12, 3, IndHolidays) -> #VALUE! | BB12: =VLOOKUP(AZ12,ReleaseTimeline!$B$2:$C$27,2,FALSE) -> 46170 | BC12: =WORKDAY(BB12, -5) -> 46163 | BD12: =(BB12 - P12) -> 30 | BF12: =(T12+Y12+AI12+AW12) -> 9
A13: 12 | B13: Assessments | C13: =VLOOKUP(B13,'Target Tech'!$C$7:$J$33,8,FALSE) -> Complete ASP | D13: Yes | E13: 0 | F13: 46136 | G13: 46146 | H13: assessments\default.aspx.cs | I13: Pod 3 | J13: Vijay | K13: 46146 | L13: 3 | M13: 0 | N13: 7 | O13: =WORKDAY(K13-1, L13+M13, IndHolidays) -> 46148 | P13: =WORKDAY(K13-1, L13+M13, IndHolidays) -> 46148 | Q13: =WORKDAY(K13-1, L13+M13, IndHolidays) -> 46148 | T13: 3 | U13: =WORKDAY(Q13, T13, IndHolidays) -> 46153 | V13: 1.5 | W13: =WORKDAY(U13, V13, IndHolidays) -> 46154 | X13: =WORKDAY(W13,0, IndHolidays) -> 46154 | Y13: 3 | Z13: =WORKDAY(X13, Y13, IndHolidays) -> 46157 | AA13: =WORKDAY(Z13, 0, IndHolidays) -> 46157 | AB13: =WORKDAY(AA13, 0, IndHolidays) -> 46157 | AC13: =WORKDAY(AB13, 1, IndHolidays) -> 46160 | AD13: =WORKDAY(AC13, 0, IndHolidays) -> 46160 | AF13: =WORKDAY(AD13, AE13, IndHolidays) -> 46160 | AG13: 2 | AH13: =WORKDAY(AF13, AG13, IndHolidays) -> 46162 | AI13: 3 | AJ13: =WORKDAY(AH13, AI13, IndHolidays) -> 46167 | AK13: =WORKDAY(AJ13, 0, IndHolidays) -> 46167 | AL13: =WORKDAY(AK13, 1, IndHolidays) -> 46168 | AM13: =WORKDAY(AL13, 0, IndHolidays) -> 46168 | AO13: =WORKDAY(AM13, AN13, IndHolidays) -> 46168 | AP13: =AO13 -> 46168 | AQ13: =AP13 -> 46168 | AR13: =WORKDAY(AQ13, 1, IndHolidays) -> 46169 | AT13: =WORKDAY(AR13, AS13, IndHolidays) -> 46169 | AU13: 0 | AV13: =WORKDAY(AT13, AU13, IndHolidays) -> 46169 | AW13: 0 | AX13: =WORKDAY(AV13, AW13, IndHolidays) -> 46169 | AY13: =_xlfn.MINIFS(ReleaseTimeline!$A$2:$A$27, ReleaseTimeline!$A$2:$A$27, ">="&(MAX(AX13,AO13))) -> 46177 | AZ13: =VLOOKUP(AY13,ReleaseTimeline!$A$1:$E$27,2,FALSE) -> Release 12 | BA13: =WORKDAY(AZ13, 3, IndHolidays) -> #VALUE! | BB13: =VLOOKUP(AZ13,ReleaseTimeline!$B$2:$C$27,2,FALSE) -> 46184 | BC13: =WORKDAY(BB13, -5) -> 46177 | BD13: =(BB13 - P13) -> 36 | BF13: =(T13+Y13+AI13+AW13) -> 9
A14: 13 | B14: Assessments | C14: =VLOOKUP(B14,'Target Tech'!$C$7:$J$33,8,FALSE) -> Complete ASP | D14: Yes | E14: 0 | F14: 46136 | G14: 46146 | H14: assessments\checkMyWork\submissions.aspx.cs | I14: Pod 3 | J14: Sohith | K14: 46146 | L14: 3 | M14: 0 | N14: 8 | O14: =WORKDAY(K14-1, L14+M14, IndHolidays) -> 46148 | P14: =WORKDAY(K14-1, L14+M14, IndHolidays) -> 46148 | Q14: =WORKDAY(K14-1, L14+M14, IndHolidays) -> 46148 | T14: 3 | U14: =WORKDAY(Q14, T14, IndHolidays) -> 46153 | V14: 1.5 | W14: =WORKDAY(U14, V14, IndHolidays) -> 46154 | X14: =WORKDAY(W14,0, IndHolidays) -> 46154 | Y14: 3 | Z14: =WORKDAY(X14, Y14, IndHolidays) -> 46157 | AA14: =WORKDAY(Z14, 0, IndHolidays) -> 46157 | AB14: =WORKDAY(AA14, 0, IndHolidays) -> 46157 | AC14: =WORKDAY(AB14, 1, IndHolidays) -> 46160 | AD14: =WORKDAY(AC14, 0, IndHolidays) -> 46160 | AF14: =WORKDAY(AD14, AE14, IndHolidays) -> 46160 | AG14: 2 | AH14: =WORKDAY(AF14, AG14, IndHolidays) -> 46162 | AI14: 3 | AJ14: =WORKDAY(AH14, AI14, IndHolidays) -> 46167 | AK14: =WORKDAY(AJ14, 0, IndHolidays) -> 46167 | AL14: =WORKDAY(AK14, 1, IndHolidays) -> 46168 | AM14: =WORKDAY(AL14, 0, IndHolidays) -> 46168 | AO14: =WORKDAY(AM14, AN14, IndHolidays) -> 46168 | AP14: =AO14 -> 46168 | AQ14: =AP14 -> 46168 | AR14: =WORKDAY(AQ14, 1, IndHolidays) -> 46169 | AT14: =WORKDAY(AR14, AS14, IndHolidays) -> 46169 | AU14: 0 | AV14: =WORKDAY(AT14, AU14, IndHolidays) -> 46169 | AW14: 0 | AX14: =WORKDAY(AV14, AW14, IndHolidays) -> 46169 | AY14: =_xlfn.MINIFS(ReleaseTimeline!$A$2:$A$27, ReleaseTimeline!$A$2:$A$27, ">="&(MAX(AX14,AO14))) -> 46177 | AZ14: =VLOOKUP(AY14,ReleaseTimeline!$A$1:$E$27,2,FALSE) -> Release 12 | BA14: =WORKDAY(AZ14, 3, IndHolidays) -> #VALUE! | BB14: =VLOOKUP(AZ14,ReleaseTimeline!$B$2:$C$27,2,FALSE) -> 46184 | BC14: =WORKDAY(BB14, -5) -> 46177 | BD14: =(BB14 - P14) -> 36 | BE14: =(BB14-AZ14) -> #VALUE! | BF14: =(T14+Y14+AI14+AW14) -> 9 | BI14: =(BE14+BF14) -> #VALUE!
A15: 14 | B15: Assessments | C15: =VLOOKUP(B15,'Target Tech'!$C$7:$J$33,8,FALSE) -> Complete ASP | D15: Yes | E15: 0 | F15: 46136 | G15: 46143 | H15: assessments/reports/assessmentAnalysis | I15: Pod 3 | J15: Anil | K15: 46135 | L15: 3 | M15: 0 | N15: 9 | O15: =WORKDAY(K15-1, L15+M15, IndHolidays) -> 46139 | P15: =WORKDAY(K15-1, L15+M15, IndHolidays) -> 46139 | Q15: =WORKDAY(K15-1, L15+M15, IndHolidays) -> 46139 | R15: Completed | S15: Completed Dev testing; Connected with QE to test from local (completed) | T15: 3 | U15: =WORKDAY(Q15, T15, IndHolidays) -> 46142 | V15: 1.5 | W15: =WORKDAY(U15, V15, IndHolidays) -> 46146 | X15: =WORKDAY(W15,0, IndHolidays) -> 46146 | Y15: 3 | Z15: =WORKDAY(X15, Y15, IndHolidays) -> 46149 | AA15: =WORKDAY(Z15, 0, IndHolidays) -> 46149 | AB15: =WORKDAY(AA15, 0, IndHolidays) -> 46149 | AC15: =WORKDAY(AB15, 1, IndHolidays) -> 46150 | AD15: =WORKDAY(AC15, 0, IndHolidays) -> 46150 | AF15: =WORKDAY(AD15, AE15, IndHolidays) -> 46150 | AG15: 2 | AH15: =WORKDAY(AF15, AG15, IndHolidays) -> 46154 | AI15: 3 | AJ15: =WORKDAY(AH15, AI15, IndHolidays) -> 46157 | AK15: =WORKDAY(AJ15, 0, IndHolidays) -> 46157 | AL15: =WORKDAY(AK15, 1, IndHolidays) -> 46160 | AM15: =WORKDAY(AL15, 0, IndHolidays) -> 46160 | AO15: =WORKDAY(AM15, AN15, IndHolidays) -> 46160 | AP15: =AO15 -> 46160 | AQ15: =AP15 -> 46160 | AR15: =WORKDAY(AQ15, 1, IndHolidays) -> 46161 | AT15: =WORKDAY(AR15, AS15, IndHolidays) -> 46161 | AU15: 0 | AV15: =WORKDAY(AT15, AU15, IndHolidays) -> 46161 | AW15: 0 | AX15: =WORKDAY(AV15, AW15, IndHolidays) -> 46161 | AY15: =_xlfn.MINIFS(ReleaseTimeline!$A$2:$A$27, ReleaseTimeline!$A$2:$A$27, ">="&(MAX(AX15,AO15))) -> 46163 | AZ15: =VLOOKUP(AY15,ReleaseTimeline!$A$1:$E$27,2,FALSE) -> Release 11 | BA15: =WORKDAY(AZ15, 3, IndHolidays) -> #VALUE! | BB15: =VLOOKUP(AZ15,ReleaseTimeline!$B$2:$C$27,2,FALSE) -> 46170 | BC15: =WORKDAY(BB15, -5) -> 46163 | BD15: =(BB15 - P15) -> 31 | BF15: =(T15+Y15+AI15+AW15) -> 9
A16: 15 | B16: Assessments | C16: =VLOOKUP(B16,'Target Tech'!$C$7:$J$33,8,FALSE) -> Complete ASP | D16: Yes | E16: 0 | F16: 46141 | G16: 46149 | H16: page_10 | I16: Pod 3 | K16: 46149 | L16: 3 | M16: 0 | N16: 10 | O16: =WORKDAY(K16-1, L16+M16, IndHolidays) -> 46153 | P16: =WORKDAY(K16-1, L16+M16, IndHolidays) -> 46153 | Q16: =WORKDAY(K16-1, L16+M16, IndHolidays) -> 46153 | T16: 3 | U16: =WORKDAY(Q16, T16, IndHolidays) -> 46156 | V16: 1.5 | W16: =WORKDAY(U16, V16, IndHolidays) -> 46157 | X16: =WORKDAY(W16,0, IndHolidays) -> 46157 | Y16: 3 | Z16: =WORKDAY(X16, Y16, IndHolidays) -> 46162 | AA16: =WORKDAY(Z16, 0, IndHolidays) -> 46162 | AB16: =WORKDAY(AA16, 0, IndHolidays) -> 46162 | AC16: =WORKDAY(AB16, 1, IndHolidays) -> 46163 | AD16: =WORKDAY(AC16, 0, IndHolidays) -> 46163 | AE16: 3 | AF16: =WORKDAY(AD16, AE16, IndHolidays) -> 46168 | AG16: 2 | AH16: =WORKDAY(AF16, AG16, IndHolidays) -> 46171 | AI16: 3 | AJ16: =WORKDAY(AH16, AI16, IndHolidays) -> 46177 | AK16: =WORKDAY(AJ16, 0, IndHolidays) -> 46177 | AL16: =WORKDAY(AK16, 1, IndHolidays) -> 46178 | AM16: =WORKDAY(AL16, 0, IndHolidays) -> 46178 | AN16: 1 | AO16: =WORKDAY(AM16, AN16, IndHolidays) -> 46181 | AP16: =AO16 -> 46181 | AQ16: =AP16 -> 46181 | AR16: =WORKDAY(AQ16, 1, IndHolidays) -> 46182 | AS16: 3 | AT16: =WORKDAY(AR16, AS16, IndHolidays) -> 46185 | AU16: 0 | AV16: =WORKDAY(AT16, AU16, IndHolidays) -> 46185 | AW16: 0 | AX16: =WORKDAY(AV16, AW16, IndHolidays) -> 46185 | AY16: =_xlfn.MINIFS(ReleaseTimeline!$A$2:$A$27, ReleaseTimeline!$A$2:$A$27, ">="&(MAX(AX16,AO16))) -> 46191 | AZ16: =VLOOKUP(AY16,ReleaseTimeline!$A$1:$E$27,2,FALSE) -> Release 13 | BA16: =WORKDAY(AZ16, 3, IndHolidays) -> #VALUE! | BB16: =VLOOKUP(AZ16,ReleaseTimeline!$B$2:$C$27,2,FALSE) -> 46198 | BC16: =WORKDAY(BB16, -5) -> 46191 | BD16: =(BB16 - P16) -> 45 | BF16: =(T16+Y16+AI16+AW16) -> 9
A17: 16 | B17: AssetAware | C17: =VLOOKUP(B17,'Target Tech'!$C$7:$J$33,8,FALSE) -> Complete ASP | D17: No | E17: 2 | F17: 46136 | G17: 46134 | H17: expressAssetHistory.aspx | I17: Pod 3 | J17: Mizan | K17: 46135 | L17: 3 | M17: 0 | N17: 1 | O17: =WORKDAY(K17-1, L17+M17, IndHolidays) -> 46139 | P17: =WORKDAY(K17-1, L17+M17, IndHolidays) -> 46139 | Q17: =WORKDAY(K17-1, L17+M17, IndHolidays) -> 46139 | S17: Dev completed and test case in creation | T17: 3 | U17: =WORKDAY(Q17, T17, IndHolidays) -> 46142 | V17: 1.5 | W17: =WORKDAY(U17, V17, IndHolidays) -> 46146 | X17: =WORKDAY(W17,0, IndHolidays) -> 46146 | Y17: 3 | Z17: =WORKDAY(X17, Y17, IndHolidays) -> 46149 | AA17: =WORKDAY(Z17, 0, IndHolidays) -> 46149 | AB17: =WORKDAY(AA17, 0, IndHolidays) -> 46149 | AC17: =WORKDAY(AB17, 1, IndHolidays) -> 46150 | AD17: =WORKDAY(AC17, 0, IndHolidays) -> 46150 | AF17: =WORKDAY(AD17, AE17, IndHolidays) -> 46150 | AG17: 2 | AH17: =WORKDAY(AF17, AG17, IndHolidays) -> 46154 | AI17: 3 | AJ17: =WORKDAY(AH17, AI17, IndHolidays) -> 46157 | AK17: =WORKDAY(AJ17, 0, IndHolidays) -> 46157 | AL17: =WORKDAY(AK17, 1, IndHolidays) -> 46160 | AM17: =WORKDAY(AL17, 0, IndHolidays) -> 46160 | AO17: =WORKDAY(AM17, AN17, IndHolidays) -> 46160 | AP17: =AO17 -> 46160 | AQ17: =AP17 -> 46160 | AR17: =WORKDAY(AQ17, 1, IndHolidays) -> 46161 | AT17: =WORKDAY(AR17, AS17, IndHolidays) -> 46161 | AU17: 0 | AV17: =WORKDAY(AT17, AU17, IndHolidays) -> 46161 | AW17: 0 | AX17: =WORKDAY(AV17, AW17, IndHolidays) -> 46161 | AY17: =_xlfn.MINIFS(ReleaseTimeline!$A$2:$A$27, ReleaseTimeline!$A$2:$A$27, ">="&(MAX(AX17,AO17))) -> 46163 | AZ17: =VLOOKUP(AY17,ReleaseTimeline!$A$1:$E$27,2,FALSE) -> Release 11 | BA17: =WORKDAY(AZ17, 3, IndHolidays) -> #VALUE! | BB17: =VLOOKUP(AZ17,ReleaseTimeline!$B$2:$C$27,2,FALSE) -> 46170 | BC17: =WORKDAY(BB17, -5) -> 46163 | BD17: =(BB17 - P17) -> 31 | BF17: =(T17+Y17+AI17+AW17) -> 9
A18: 17 | B18: AssetAware | C18: =VLOOKUP(B18,'Target Tech'!$C$7:$J$33,8,FALSE) -> Complete ASP | D18: No | E18: 2 | F18: 46136 | G18: 46134 | H18: assetvendors.aspx | I18: Pod 3 | J18: swarneem | K18: 46135 | L18: 3 | M18: 0 | N18: 2 | O18: =WORKDAY(K18-1, L18+M18, IndHolidays) -> 46139 | P18: =WORKDAY(K18-1, L18+M18, IndHolidays) -> 46139 | Q18: =WORKDAY(K18-1, L18+M18, IndHolidays) -> 46139 | S18: Dev in Progress as swarneem working on addressbook bugs and raised PR, however ETA to raise PR is on 28 APR | T18: 3 | U18: =WORKDAY(Q18, T18, IndHolidays) -> 46142 | V18: 1.5 | W18: =WORKDAY(U18, V18, IndHolidays) -> 46146 | X18: =WORKDAY(W18,0, IndHolidays) -> 46146 | Y18: 3 | Z18: =WORKDAY(X18, Y18, IndHolidays) -> 46149 | AA18: =WORKDAY(Z18, 0, IndHolidays) -> 46149 | AB18: =WORKDAY(AA18, 0, IndHolidays) -> 46149 | AC18: =WORKDAY(AB18, 1, IndHolidays) -> 46150 | AD18: =WORKDAY(AC18, 0, IndHolidays) -> 46150 | AF18: =WORKDAY(AD18, AE18, IndHolidays) -> 46150 | AG18: 2 | AH18: =WORKDAY(AF18, AG18, IndHolidays) -> 46154 | AI18: 3 | AJ18: =WORKDAY(AH18, AI18, IndHolidays) -> 46157 | AK18: =WORKDAY(AJ18, 0, IndHolidays) -> 46157 | AL18: =WORKDAY(AK18, 1, IndHolidays) -> 46160 | AM18: =WORKDAY(AL18, 0, IndHolidays) -> 46160 | AO18: =WORKDAY(AM18, AN18, IndHolidays) -> 46160 | AP18: =AO18 -> 46160 | AQ18: =AP18 -> 46160 | AR18: =WORKDAY(AQ18, 1, IndHolidays) -> 46161 | AT18: =WORKDAY(AR18, AS18, IndHolidays) -> 46161 | AU18: 0 | AV18: =WORKDAY(AT18, AU18, IndHolidays) -> 46161 | AW18: 0 | AX18: =WORKDAY(AV18, AW18, IndHolidays) -> 46161 | AY18: =_xlfn.MINIFS(ReleaseTimeline!$A$2:$A$27, ReleaseTimeline!$A$2:$A$27, ">="&(MAX(AX18,AO18))) -> 46163 | AZ18: =VLOOKUP(AY18,ReleaseTimeline!$A$1:$E$27,2,FALSE) -> Release 11 | BA18: =WORKDAY(AZ18, 3, IndHolidays) -> #VALUE! | BB18: =VLOOKUP(AZ18,ReleaseTimeline!$B$2:$C$27,2,FALSE) -> 46170 | BC18: =WORKDAY(BB18, -5) -> 46163 | BD18: =(BB18 - P18) -> 31 | BF18: =(T18+Y18+AI18+AW18) -> 9
A19: 18 | B19: AssetAware | C19: =VLOOKUP(B19,'Target Tech'!$C$7:$J$33,8,FALSE) -> Complete ASP | D19: No | E19: 2 | F19: 46136 | G19: 46134 | H19: assets.aspx | I19: Pod 3 | J19: Mizan | K19: 46135 | L19: 3 | M19: 0 | N19: 3 | O19: =WORKDAY(K19-1, L19+M19, IndHolidays) -> 46139 | P19: =WORKDAY(K19-1, L19+M19, IndHolidays) -> 46139 | Q19: =WORKDAY(K19-1, L19+M19, IndHolidays) -> 46139 | S19: Dev completed and test case in creation | T19: 3 | U19: =WORKDAY(Q19, T19, IndHolidays) -> 46142 | V19: 1.5 | W19: =WORKDAY(U19, V19, IndHolidays) -> 46146 | X19: =WORKDAY(W19,0, IndHolidays) -> 46146 | Y19: 3 | Z19: =WORKDAY(X19, Y19, IndHolidays) -> 46149 | AA19: =WORKDAY(Z19, 0, IndHolidays) -> 46149 | AB19: =WORKDAY(AA19, 0, IndHolidays) -> 46149 | AC19: =WORKDAY(AB19, 1, IndHolidays) -> 46150 | AD19: =WORKDAY(AC19, 0, IndHolidays) -> 46150 | AF19: =WORKDAY(AD19, AE19, IndHolidays) -> 46150 | AG19: 2 | AH19: =WORKDAY(AF19, AG19, IndHolidays) -> 46154 | AI19: 3 | AJ19: =WORKDAY(AH19, AI19, IndHolidays) -> 46157 | AK19: =WORKDAY(AJ19, 0, IndHolidays) -> 46157 | AL19: =WORKDAY(AK19, 1, IndHolidays) -> 46160 | AM19: =WORKDAY(AL19, 0, IndHolidays) -> 46160 | AO19: =WORKDAY(AM19, AN19, IndHolidays) -> 46160 | AP19: =AO19 -> 46160 | AQ19: =AP19 -> 46160 | AR19: =WORKDAY(AQ19, 1, IndHolidays) -> 46161 | AT19: =WORKDAY(AR19, AS19, IndHolidays) -> 46161 | AU19: 0 | AV19: =WORKDAY(AT19, AU19, IndHolidays) -> 46161 | AW19: 0 | AX19: =WORKDAY(AV19, AW19, IndHolidays) -> 46161 | AY19: =_xlfn.MINIFS(ReleaseTimeline!$A$2:$A$27, ReleaseTimeline!$A$2:$A$27, ">="&(MAX(AX19,AO19))) -> 46163 | AZ19: =VLOOKUP(AY19,ReleaseTimeline!$A$1:$E$27,2,FALSE) -> Release 11 | BA19: =WORKDAY(AZ19, 3, IndHolidays) -> #VALUE! | BB19: =VLOOKUP(AZ19,ReleaseTimeline!$B$2:$C$27,2,FALSE) -> 46170 | BC19: =WORKDAY(BB19, -5) -> 46163 | BD19: =(BB19 - P19) -> 31 | BF19: =(T19+Y19+AI19+AW19) -> 9
A20: 19 | B20: AssetAware | C20: =VLOOKUP(B20,'Target Tech'!$C$7:$J$33,8,FALSE) -> Complete ASP | D20: No | E20: 2 | F20: 46136 | G20: 46134 | H20: assetwarrantlytypes.aspx | I20: Pod 3 | J20: swarneem | K20: 46135 | L20: 3 | M20: 0 | N20: 4 | O20: =WORKDAY(K20-1, L20+M20, IndHolidays) -> 46139 | P20: =WORKDAY(K20-1, L20+M20, IndHolidays) -> 46139 | Q20: =WORKDAY(K20-1, L20+M20, IndHolidays) -> 46139 | S20: Dev in Progress as swarneem working on addressbook bugs and raised PR, however ETA to raise PR is on | T20: 3 | U20: =WORKDAY(Q20, T20, IndHolidays) -> 46142 | V20: 1.5 | W20: =WORKDAY(U20, V20, IndHolidays) -> 46146 | X20: =WORKDAY(W20,0, IndHolidays) -> 46146 | Y20: 3 | Z20: =WORKDAY(X20, Y20, IndHolidays) -> 46149 | AA20: =WORKDAY(Z20, 0, IndHolidays) -> 46149 | AB20: =WORKDAY(AA20, 0, IndHolidays) -> 46149 | AC20: =WORKDAY(AB20, 1, IndHolidays) -> 46150 | AD20: =WORKDAY(AC20, 0, IndHolidays) -> 46150 | AE20: 3 | AF20: =WORKDAY(AD20, AE20, IndHolidays) -> 46155 | AG20: 2 | AH20: =WORKDAY(AF20, AG20, IndHolidays) -> 46157 | AI20: 3 | AJ20: =WORKDAY(AH20, AI20, IndHolidays) -> 46162 | AK20: =WORKDAY(AJ20, 0, IndHolidays) -> 46162 | AL20: =WORKDAY(AK20, 1, IndHolidays) -> 46163 | AM20: =WORKDAY(AL20, 0, IndHolidays) -> 46163 | AN20: 1 | AO20: =WORKDAY(AM20, AN20, IndHolidays) -> 46164 | AP20: =AO20 -> 46164 | AQ20: =AP20 -> 46164 | AR20: =WORKDAY(AQ20, 1, IndHolidays) -> 46167 | AS20: 3 | AT20: =WORKDAY(AR20, AS20, IndHolidays) -> 46171 | AU20: 0 | AV20: =WORKDAY(AT20, AU20, IndHolidays) -> 46171 | AW20: 0 | AX20: =WORKDAY(AV20, AW20, IndHolidays) -> 46171 | AY20: =_xlfn.MINIFS(ReleaseTimeline!$A$2:$A$27, ReleaseTimeline!$A$2:$A$27, ">="&(MAX(AX20,AO20))) -> 46177 | AZ20: =VLOOKUP(AY20,ReleaseTimeline!$A$1:$E$27,2,FALSE) -> Release 12 | BA20: =WORKDAY(AZ20, 3, IndHolidays) -> #VALUE! | BB20: =VLOOKUP(AZ20,ReleaseTimeline!$B$2:$C$27,2,FALSE) -> 46184 | BC20: =WORKDAY(BB20, -5) -> 46177 | BD20: =(BB20 - P20) -> 45 | BF20: =(T20+Y20+AI20+AW20) -> 9
A21: 20 | B21: AssetAware | C21: =VLOOKUP(B21,'Target Tech'!$C$7:$J$33,8,FALSE) -> Complete ASP | D21: No | E21: 2 | F21: 46136 | G21: 46134 | H21: assetLeases.aspx | I21: Pod 3 | J21: Mizan | K21: 46140 | L21: 3 | M21: 0 | N21: 5 | O21: =WORKDAY(K21-1, L21+M21, IndHolidays) -> 46142 | P21: =WORKDAY(K21-1, L21+M21, IndHolidays) -> 46142 | Q21: =WORKDAY(K21-1, L21+M21, IndHolidays) -> 46142 | S21: Dev in Progress as swarneem working on addressbook bugs and raised PR, however ETA to raise PR is on | T21: 3 | U21: =WORKDAY(Q21, T21, IndHolidays) -> 46148 | V21: 1.5 | W21: =WORKDAY(U21, V21, IndHolidays) -> 46149 | X21: =WORKDAY(W21,0, IndHolidays) -> 46149 | Y21: 3 | Z21: =WORKDAY(X21, Y21, IndHolidays) -> 46154 | AA21: =WORKDAY(Z21, 0, IndHolidays) -> 46154 | AB21: =WORKDAY(AA21, 0, IndHolidays) -> 46154 | AC21: =WORKDAY(AB21, 1, IndHolidays) -> 46155 | AD21: =WORKDAY(AC21, 0, IndHolidays) -> 46155 | AE21: 3 | AF21: =WORKDAY(AD21, AE21, IndHolidays) -> 46160 | AG21: 2 | AH21: =WORKDAY(AF21, AG21, IndHolidays) -> 46162 | AI21: 3 | AJ21: =WORKDAY(AH21, AI21, IndHolidays) -> 46167 | AK21: =WORKDAY(AJ21, 0, IndHolidays) -> 46167 | AL21: =WORKDAY(AK21, 1, IndHolidays) -> 46168 | AM21: =WORKDAY(AL21, 0, IndHolidays) -> 46168 | AN21: 1 | AO21: =WORKDAY(AM21, AN21, IndHolidays) -> 46169 | AP21: =AO21 -> 46169 | AQ21: =AP21 -> 46169 | AR21: =WORKDAY(AQ21, 1, IndHolidays) -> 46171 | AS21: 3 | AT21: =WORKDAY(AR21, AS21, IndHolidays) -> 46177 | AU21: 0 | AV21: =WORKDAY(AT21, AU21, IndHolidays) -> 46177 | AW21: 0 | AX21: =WORKDAY(AV21, AW21, IndHolidays) -> 46177 | AY21: =_xlfn.MINIFS(ReleaseTimeline!$A$2:$A$27, ReleaseTimeline!$A$2:$A$27, ">="&(MAX(AX21,AO21))) -> 46177 | AZ21: =VLOOKUP(AY21,ReleaseTimeline!$A$1:$E$27,2,FALSE) -> Release 12 | BA21: =WORKDAY(AZ21, 3, IndHolidays) -> #VALUE! | BB21: =VLOOKUP(AZ21,ReleaseTimeline!$B$2:$C$27,2,FALSE) -> 46184 | BC21: =WORKDAY(BB21, -5) -> 46177 | BD21: =(BB21 - P21) -> 42 | BF21: =(T21+Y21+AI21+AW21) -> 9
A22: 21 | B22: AssetAware | C22: =VLOOKUP(B22,'Target Tech'!$C$7:$J$33,8,FALSE) -> Complete ASP | D22: No | E22: 2 | F22: 46136 | G22: 46146 | H22: assetHistory.aspx | I22: Pod 3 | J22: Mizan | K22: 46146 | L22: 3 | M22: 0 | N22: 6 | O22: =WORKDAY(K22-1, L22+M22, IndHolidays) -> 46148 | P22: =WORKDAY(K22-1, L22+M22, IndHolidays) -> 46148 | Q22: 46148 | T22: =WORKDAY(P22, S22, IndHolidays) -> 46148 | U22: 1.5 | V22: =WORKDAY(T22, U22, IndHolidays) -> 46149 | W22: =WORKDAY(V22,0, IndHolidays) -> 46149 | X22: 3 | Y22: =WORKDAY(W22, X22, IndHolidays) -> 46154 | Z22: =WORKDAY(Y22, 0, IndHolidays) -> 46154 | AA22: =WORKDAY(Z22, 0, IndHolidays) -> 46154 | AB22: =WORKDAY(AA22, 1, IndHolidays) -> 46155 | AC22: =WORKDAY(AB22, 0, IndHolidays) -> 46155 | AD22: 3 | AE22: =WORKDAY(AC22, AD22, IndHolidays) -> 46160 | AF22: 2 | AG22: =WORKDAY(AE22, AF22, IndHolidays) -> 46162 | AH22: 3 | AI22: =WORKDAY(AG22, AH22, IndHolidays) -> 46167 | AJ22: =WORKDAY(AI22, 0, IndHolidays) -> 46167 | AK22: =WORKDAY(AJ22, 1, IndHolidays) -> 46168 | AL22: =WORKDAY(AK22, 0, IndHolidays) -> 46168 | AM22: 1 | AN22: =WORKDAY(AL22, AM22, IndHolidays) -> 46169 | AO22: =AN22 -> 46169 | AP22: =AO22 -> 46169 | AQ22: =WORKDAY(AP22, 1, IndHolidays) -> 46171 | AR22: 3 | AS22: =WORKDAY(AQ22, AR22, IndHolidays) -> 46177 | AT22: 0 | AU22: =WORKDAY(AS22, AT22, IndHolidays) -> 46177 | AV22: 0 | AW22: =WORKDAY(AU22, AV22, IndHolidays) -> 46177 | AX22: =_xlfn.MINIFS(ReleaseTimeline!$A$2:$A$27, ReleaseTimeline!$A$2:$A$27, ">="&(MAX(AW22,AN22))) -> 46177 | AY22: =VLOOKUP(AX22,ReleaseTimeline!$A$1:$E$27,2,FALSE) -> Release 12 | AZ22: =VLOOKUP(AX22,ReleaseTimeline!$B$2:$C$27,2,FALSE) -> #N/A | BA22: =(AY22 - M22) -> #VALUE! | BC22: =(Q22+V22+AF22+AT22) -> 92299
A23: 21 | B23: AssetAware | C23: =VLOOKUP(B23,'Target Tech'!$C$7:$J$33,8,FALSE) -> Complete ASP | D23: No | E23: 2 | F23: 46136 | G23: 46147 | H23: assetVendorAddressContact.aspx | I23: Pod 3 | J23: Mizan | K23: 46147 | L23: 3 | M23: 0 | N23: 7 | O23: 46150 | P23: 46150 | Q23: 46150 | S23: =WORKDAY(O23, R23, IndHolidays) -> 46150 | T23: 1.5 | U23: =WORKDAY(S23, T23, IndHolidays) -> 46153 | V23: =WORKDAY(U23,0, IndHolidays) -> 46153 | W23: 3 | X23: =WORKDAY(V23, W23, IndHolidays) -> 46156 | Y23: =WORKDAY(X23, 0, IndHolidays) -> 46156 | Z23: =WORKDAY(Y23, 0, IndHolidays) -> 46156 | AA23: =WORKDAY(Z23, 1, IndHolidays) -> 46157 | AB23: =WORKDAY(AA23, 0, IndHolidays) -> 46157 | AC23: 3 | AD23: =WORKDAY(AB23, AC23, IndHolidays) -> 46162 | AE23: 2 | AF23: =WORKDAY(AD23, AE23, IndHolidays) -> 46164 | AG23: 3 | AH23: =WORKDAY(AF23, AG23, IndHolidays) -> 46169 | AI23: =WORKDAY(AH23, 0, IndHolidays) -> 46169 | AJ23: =WORKDAY(AI23, 1, IndHolidays) -> 46171 | AK23: =WORKDAY(AJ23, 0, IndHolidays) -> 46171 | AL23: 1 | AM23: =WORKDAY(AK23, AL23, IndHolidays) -> 46174 | AN23: =AM23 -> 46174 | AO23: =AN23 -> 46174 | AP23: =WORKDAY(AO23, 1, IndHolidays) -> 46176 | AQ23: 3 | AR23: =WORKDAY(AP23, AQ23, IndHolidays) -> 46181 | AS23: 0 | AT23: =WORKDAY(AR23, AS23, IndHolidays) -> 46181 | AU23: 0 | AV23: =WORKDAY(AT23, AU23, IndHolidays) -> 46181 | AW23: =_xlfn.MINIFS(ReleaseTimeline!$A$2:$A$27, ReleaseTimeline!$A$2:$A$27, ">="&(MAX(AV23,AM23))) -> 46191 | AX23: =VLOOKUP(AW23,ReleaseTimeline!$A$1:$E$27,2,FALSE) -> Release 13 | AY23: =VLOOKUP(AW23,ReleaseTimeline!$B$2:$C$27,2,FALSE) -> #N/A
A24: 21 | B24: AssetAware | C24: =VLOOKUP(B24,'Target Tech'!$C$7:$J$33,8,FALSE) -> Complete ASP | D24: No | E24: 2 | F24: 46136 | G24: 46147 | H24: assetvendor.aspx | I24: Pod 3 | J24: Mizan | K24: 46147 | L24: 3 | M24: 0 | N24: 8 | O24: 46150 | P24: 46150 | Q24: 46150 | S24: =WORKDAY(O24, R24, IndHolidays) -> 46150 | T24: 1.5 | U24: =WORKDAY(S24, T24, IndHolidays) -> 46153 | V24: =WORKDAY(U24,0, IndHolidays) -> 46153 | W24: 3 | X24: =WORKDAY(V24, W24, IndHolidays) -> 46156 | Y24: =WORKDAY(X24, 0, IndHolidays) -> 46156 | Z24: =WORKDAY(Y24, 0, IndHolidays) -> 46156 | AA24: =WORKDAY(Z24, 1, IndHolidays) -> 46157 | AB24: =WORKDAY(AA24, 0, IndHolidays) -> 46157 | AC24: 3 | AD24: =WORKDAY(AB24, AC24, IndHolidays) -> 46162 | AE24: 2 | AF24: =WORKDAY(AD24, AE24, IndHolidays) -> 46164 | AG24: 3 | AH24: =WORKDAY(AF24, AG24, IndHolidays) -> 46169 | AI24: =WORKDAY(AH24, 0, IndHolidays) -> 46169 | AJ24: =WORKDAY(AI24, 1, IndHolidays) -> 46171 | AK24: =WORKDAY(AJ24, 0, IndHolidays) -> 46171 | AL24: 1 | AM24: =WORKDAY(AK24, AL24, IndHolidays) -> 46174 | AN24: =AM24 -> 46174 | AO24: =AN24 -> 46174 | AP24: =WORKDAY(AO24, 1, IndHolidays) -> 46176 | AQ24: 3 | AR24: =WORKDAY(AP24, AQ24, IndHolidays) -> 46181 | AS24: 0 | AT24: =WORKDAY(AR24, AS24, IndHolidays) -> 46181 | AU24: 0 | AV24: =WORKDAY(AT24, AU24, IndHolidays) -> 46181 | AW24: =_xlfn.MINIFS(ReleaseTimeline!$A$2:$A$27, ReleaseTimeline!$A$2:$A$27, ">="&(MAX(AV24,AM24))) -> 46191 | AX24: =VLOOKUP(AW24,ReleaseTimeline!$A$1:$E$27,2,FALSE) -> Release 13 | AY24: =VLOOKUP(AW24,ReleaseTimeline!$B$2:$C$27,2,FALSE) -> #N/A
A25: 20 | B25: Communication | C25: =VLOOKUP(B25,'Target Tech'!$C$7:$J$33,8,FALSE) -> Complete ASP | D25: No | E25: 2 | F25: 46147 | G25: 46147 | H25: page_1 | I25: Pod 2 | J25: Pod 2_Member1 | K25: =WORKDAY(F25,E25) -> 46149 | L25: 3 | M25: 0 | N25: 1 | O25: =WORKDAY(K25-1, L25+M25, IndHolidays) -> 46153 | P25: =WORKDAY(K25-1, L25+M25, IndHolidays) -> 46153 | Q25: =WORKDAY(K25-1, L25+M25, IndHolidays) -> 46153 | T25: 3 | U25: =WORKDAY(Q25, T25, IndHolidays) -> 46156 | V25: 1.5 | W25: =WORKDAY(U25, V25, IndHolidays) -> 46157 | X25: =WORKDAY(W25,0, IndHolidays) -> 46157 | Y25: 3 | Z25: =WORKDAY(X25, Y25, IndHolidays) -> 46162 | AA25: =WORKDAY(Z25, 0, IndHolidays) -> 46162 | AB25: =WORKDAY(AA25, 0, IndHolidays) -> 46162 | AC25: =WORKDAY(AB25, 1, IndHolidays) -> 46163 | AD25: =WORKDAY(AC25, 0, IndHolidays) -> 46163 | AF25: =WORKDAY(AD25, AE25, IndHolidays) -> 46163 | AG25: 2 | AH25: =WORKDAY(AF25, AG25, IndHolidays) -> 46167 | AI25: 3 | AJ25: =WORKDAY(AH25, AI25, IndHolidays) -> 46171 | AK25: =WORKDAY(AJ25, 0, IndHolidays) -> 46171 | AL25: =WORKDAY(AK25, 1, IndHolidays) -> 46174 | AM25: =WORKDAY(AL25, 0, IndHolidays) -> 46174 | AO25: =WORKDAY(AM25, AN25, IndHolidays) -> 46174 | AP25: =AO25 -> 46174 | AQ25: =AP25 -> 46174 | AR25: =WORKDAY(AQ25, 1, IndHolidays) -> 46176 | AT25: =WORKDAY(AR25, AS25, IndHolidays) -> 46176 | AU25: 0 | AV25: =WORKDAY(AT25, AU25, IndHolidays) -> 46176 | AW25: 0 | AX25: =WORKDAY(AV25, AW25, IndHolidays) -> 46176 | AY25: =_xlfn.MINIFS(ReleaseTimeline!$A$2:$A$27, ReleaseTimeline!$A$2:$A$27, ">="&(MAX(AX25,AO25))) -> 46177 | AZ25: =VLOOKUP(AY25,ReleaseTimeline!$A$1:$E$27,2,FALSE) -> Release 12 | BA25: =WORKDAY(AZ25, 3, IndHolidays) -> #VALUE! | BB25: =VLOOKUP(AZ25,ReleaseTimeline!$B$2:$C$27,2,FALSE) -> 46184 | BC25: =WORKDAY(BB25, -5) -> 46177 | BD25: =(BB25 - P25) -> 31 | BF25: =(T25+Y25+AI25+AW25) -> 9
A26: 21 | B26: Communication | C26: =VLOOKUP(B26,'Target Tech'!$C$7:$J$33,8,FALSE) -> Complete ASP | D26: No | E26: 2 | F26: 46141 | G26: 46141 | H26: page_2 | I26: Pod 2 | J26: Pod 2_Member2 | K26: =WORKDAY(F26,E26) -> 46143 | L26: 3 | M26: 0 | N26: 2 | O26: =WORKDAY(K26-1, L26+M26, IndHolidays) -> 46148 | P26: =WORKDAY(K26-1, L26+M26, IndHolidays) -> 46148 | Q26: =WORKDAY(K26-1, L26+M26, IndHolidays) -> 46148 | T26: 3 | U26: =WORKDAY(Q26, T26, IndHolidays) -> 46153 | V26: 1.5 | W26: =WORKDAY(U26, V26, IndHolidays) -> 46154 | X26: =WORKDAY(W26,0, IndHolidays) -> 46154 | Y26: 3 | Z26: =WORKDAY(X26, Y26, IndHolidays) -> 46157 | AA26: =WORKDAY(Z26, 0, IndHolidays) -> 46157 | AB26: =WORKDAY(AA26, 0, IndHolidays) -> 46157 | AC26: =WORKDAY(AB26, 1, IndHolidays) -> 46160 | AD26: =WORKDAY(AC26, 0, IndHolidays) -> 46160 | AF26: =WORKDAY(AD26, AE26, IndHolidays) -> 46160 | AG26: 2 | AH26: =WORKDAY(AF26, AG26, IndHolidays) -> 46162 | AI26: 3 | AJ26: =WORKDAY(AH26, AI26, IndHolidays) -> 46167 | AK26: =WORKDAY(AJ26, 0, IndHolidays) -> 46167 | AL26: =WORKDAY(AK26, 1, IndHolidays) -> 46168 | AM26: =WORKDAY(AL26, 0, IndHolidays) -> 46168 | AO26: =WORKDAY(AM26, AN26, IndHolidays) -> 46168 | AP26: =AO26 -> 46168 | AQ26: =AP26 -> 46168 | AR26: =WORKDAY(AQ26, 1, IndHolidays) -> 46169 | AT26: =WORKDAY(AR26, AS26, IndHolidays) -> 46169 | AU26: 0 | AV26: =WORKDAY(AT26, AU26, IndHolidays) -> 46169 | AW26: 0 | AX26: =WORKDAY(AV26, AW26, IndHolidays) -> 46169 | AY26: =_xlfn.MINIFS(ReleaseTimeline!$A$2:$A$27, ReleaseTimeline!$A$2:$A$27, ">="&(MAX(AX26,AO26))) -> 46177 | AZ26: =VLOOKUP(AY26,ReleaseTimeline!$A$1:$E$27,2,FALSE) -> Release 12 | BA26: =WORKDAY(AZ26, 3, IndHolidays) -> #VALUE! | BB26: =VLOOKUP(AZ26,ReleaseTimeline!$B$2:$C$27,2,FALSE) -> 46184 | BC26: =WORKDAY(BB26, -5) -> 46177 | BD26: =(BB26 - P26) -> 36 | BF26: =(T26+Y26+AI26+AW26) -> 9
A27: 22 | B27: Communication | C27: =VLOOKUP(B27,'Target Tech'!$C$7:$J$33,8,FALSE) -> Complete ASP | D27: No | E27: 2 | F27: 46141 | G27: 46141 | H27: page_3 | I27: Pod 2 | J27: Pod 2_Member3 | K27: =WORKDAY(F27,E27) -> 46143 | L27: 3 | M27: 0 | N27: 3 | O27: =WORKDAY(K27-1, L27+M27, IndHolidays) -> 46148 | P27: =WORKDAY(K27-1, L27+M27, IndHolidays) -> 46148 | Q27: =WORKDAY(K27-1, L27+M27, IndHolidays) -> 46148 | T27: 3 | U27: =WORKDAY(Q27, T27, IndHolidays) -> 46153 | V27: 1.5 | W27: =WORKDAY(U27, V27, IndHolidays) -> 46154 | X27: =WORKDAY(W27,0, IndHolidays) -> 46154 | Y27: 3 | Z27: =WORKDAY(X27, Y27, IndHolidays) -> 46157 | AA27: =WORKDAY(Z27, 0, IndHolidays) -> 46157 | AB27: =WORKDAY(AA27, 0, IndHolidays) -> 46157 | AC27: =WORKDAY(AB27, 1, IndHolidays) -> 46160 | AD27: =WORKDAY(AC27, 0, IndHolidays) -> 46160 | AF27: =WORKDAY(AD27, AE27, IndHolidays) -> 46160 | AG27: 2 | AH27: =WORKDAY(AF27, AG27, IndHolidays) -> 46162 | AI27: 3 | AJ27: =WORKDAY(AH27, AI27, IndHolidays) -> 46167 | AK27: =WORKDAY(AJ27, 0, IndHolidays) -> 46167 | AL27: =WORKDAY(AK27, 1, IndHolidays) -> 46168 | AM27: =WORKDAY(AL27, 0, IndHolidays) -> 46168 | AO27: =WORKDAY(AM27, AN27, IndHolidays) -> 46168 | AP27: =AO27 -> 46168 | AQ27: =AP27 -> 46168 | AR27: =WORKDAY(AQ27, 1, IndHolidays) -> 46169 | AT27: =WORKDAY(AR27, AS27, IndHolidays) -> 46169 | AU27: 0 | AV27: =WORKDAY(AT27, AU27, IndHolidays) -> 46169 | AW27: 0 | AX27: =WORKDAY(AV27, AW27, IndHolidays) -> 46169 | AY27: =_xlfn.MINIFS(ReleaseTimeline!$A$2:$A$27, ReleaseTimeline!$A$2:$A$27, ">="&(MAX(AX27,AO27))) -> 46177 | AZ27: =VLOOKUP(AY27,ReleaseTimeline!$A$1:$E$27,2,FALSE) -> Release 12 | BA27: =WORKDAY(AZ27, 3, IndHolidays) -> #VALUE! | BB27: =VLOOKUP(AZ27,ReleaseTimeline!$B$2:$C$27,2,FALSE) -> 46184 | BC27: =WORKDAY(BB27, -5) -> 46177 | BD27: =(BB27 - P27) -> 36 | BF27: =(T27+Y27+AI27+AW27) -> 9
A28: 23 | B28: Communication | C28: =VLOOKUP(B28,'Target Tech'!$C$7:$J$33,8,FALSE) -> Complete ASP | D28: No | E28: 2 | F28: =WORKDAY(Q25,1) -> 46154 | G28: =WORKDAY(R25,1) -> 2 | H28: page_4 | I28: Pod 2 | J28: Pod 2_Member1 | K28: =WORKDAY(F28,E28) -> 46156 | L28: 3 | M28: 0 | N28: 4 | O28: =WORKDAY(K28-1, L28+M28, IndHolidays) -> 46160 | P28: =WORKDAY(K28-1, L28+M28, IndHolidays) -> 46160 | Q28: =WORKDAY(K28-1, L28+M28, IndHolidays) -> 46160 | T28: 3 | U28: =WORKDAY(Q28, T28, IndHolidays) -> 46163 | V28: 1.5 | W28: =WORKDAY(U28, V28, IndHolidays) -> 46164 | X28: =WORKDAY(W28,0, IndHolidays) -> 46164 | Y28: 3 | Z28: =WORKDAY(X28, Y28, IndHolidays) -> 46169 | AA28: =WORKDAY(Z28, 0, IndHolidays) -> 46169 | AB28: =WORKDAY(AA28, 0, IndHolidays) -> 46169 | AC28: =WORKDAY(AB28, 1, IndHolidays) -> 46171 | AD28: =WORKDAY(AC28, 0, IndHolidays) -> 46171 | AE28: 3 | AF28: =WORKDAY(AD28, AE28, IndHolidays) -> 46177 | AG28: 2 | AH28: =WORKDAY(AF28, AG28, IndHolidays) -> 46181 | AI28: 3 | AJ28: =WORKDAY(AH28, AI28, IndHolidays) -> 46184 | AK28: =WORKDAY(AJ28, 0, IndHolidays) -> 46184 | AL28: =WORKDAY(AK28, 1, IndHolidays) -> 46185 | AM28: =WORKDAY(AL28, 0, IndHolidays) -> 46185 | AN28: 1 | AO28: =WORKDAY(AM28, AN28, IndHolidays) -> 46188 | AP28: =AO28 -> 46188 | AQ28: =AP28 -> 46188 | AR28: =WORKDAY(AQ28, 1, IndHolidays) -> 46189 | AS28: 3 | AT28: =WORKDAY(AR28, AS28, IndHolidays) -> 46192 | AU28: 0 | AV28: =WORKDAY(AT28, AU28, IndHolidays) -> 46192 | AW28: 0 | AX28: =WORKDAY(AV28, AW28, IndHolidays) -> 46192 | AY28: =_xlfn.MINIFS(ReleaseTimeline!$A$2:$A$27, ReleaseTimeline!$A$2:$A$27, ">="&(MAX(AX28,AO28))) -> 46205 | AZ28: =VLOOKUP(AY28,ReleaseTimeline!$A$1:$E$27,2,FALSE) -> Release 14 | BA28: =WORKDAY(AZ28, 3, IndHolidays) -> #VALUE! | BB28: =VLOOKUP(AZ28,ReleaseTimeline!$B$2:$C$27,2,FALSE) -> 46212 | BC28: =WORKDAY(BB28, -5) -> 46205 | BD28: =(BB28 - P28) -> 52 | BE28: =(BB28-AZ28) -> #VALUE! | BF28: =(T28+Y28+AI28+AW28) -> 9 | BI28: =(BE28+BF28) -> #VALUE!
A29: 24 | B29: Content | F29: 46127 | G29: 46146 | H29: content\hyperlink.aspx | I29: Pod 3 | J29: Ramesh | K29: 46146 | L29: 3 | M29: 0 | N29: 8802 | O29: =WORKDAY(K29-1, L29+M29, IndHolidays) -> 46148 | P29: =WORKDAY(K29-1, L29+M29, IndHolidays) -> 46148 | Q29: =WORKDAY(K29-1, L29+M29, IndHolidays) -> 46148 | T29: 3 | U29: =WORKDAY(Q29, T29, IndHolidays) -> 46153 | V29: 1.5 | W29: =WORKDAY(U29, V29, IndHolidays) -> 46154 | X29: =WORKDAY(W29,0, IndHolidays) -> 46154 | Y29: 3 | Z29: =WORKDAY(X29, Y29, IndHolidays) -> 46157 | AA29: =WORKDAY(Z29, 0, IndHolidays) -> 46157 | AB29: =WORKDAY(AA29, 0, IndHolidays) -> 46157 | AC29: =WORKDAY(AB29, 1, IndHolidays) -> 46160 | AD29: =WORKDAY(AC29, 0, IndHolidays) -> 46160 | AF29: =WORKDAY(AD29, AE29, IndHolidays) -> 46160 | AG29: 2 | AH29: =WORKDAY(AF29, AG29, IndHolidays) -> 46162 | AI29: 3 | AJ29: =WORKDAY(AH29, AI29, IndHolidays) -> 46167 | AK29: =WORKDAY(AJ29, 0, IndHolidays) -> 46167 | AL29: =WORKDAY(AK29, 1, IndHolidays) -> 46168 | AM29: =WORKDAY(AL29, 0, IndHolidays) -> 46168 | AO29: =WORKDAY(AM29, AN29, IndHolidays) -> 46168 | AP29: =AO29 -> 46168 | AQ29: =AP29 -> 46168 | AR29: =WORKDAY(AQ29, 1, IndHolidays) -> 46169 | AT29: =WORKDAY(AR29, AS29, IndHolidays) -> 46169 | AU29: 0 | AV29: =WORKDAY(AT29, AU29, IndHolidays) -> 46169 | AW29: 0 | AX29: =WORKDAY(AV29, AW29, IndHolidays) -> 46169 | AY29: =_xlfn.MINIFS(ReleaseTimeline!$A$2:$A$27, ReleaseTimeline!$A$2:$A$27, ">="&(MAX(AX29,AO29))) -> 46177 | AZ29: =VLOOKUP(AY29,ReleaseTimeline!$A$1:$E$27,2,FALSE) -> Release 12 | BA29: =WORKDAY(AZ29, 3, IndHolidays) -> #VALUE! | BB29: =VLOOKUP(AZ29,ReleaseTimeline!$B$2:$C$27,2,FALSE) -> 46184 | BC29: =WORKDAY(BB29, -5) -> 46177 | BD29: =(BB29 - P29) -> 36 | BF29: =(T29+Y29+AI29+AW29) -> 9
A30: 25 | B30: Content | F30: 46127 | G30: 46146 | H30: content\sources\default.aspx.cs | I30: Pod 3 | J30: Amol | K30: 46146 | L30: 3 | M30: 0 | N30: 8801 | O30: =WORKDAY(K30-1, L30+M30, IndHolidays) -> 46148 | P30: =WORKDAY(K30-1, L30+M30, IndHolidays) -> 46148 | Q30: =WORKDAY(K30-1, L30+M30, IndHolidays) -> 46148 | T30: 3 | U30: =WORKDAY(Q30, T30, IndHolidays) -> 46153 | V30: 1.5 | W30: =WORKDAY(U30, V30, IndHolidays) -> 46154 | X30: =WORKDAY(W30,0, IndHolidays) -> 46154 | Y30: 3 | Z30: =WORKDAY(X30, Y30, IndHolidays) -> 46157 | AA30: =WORKDAY(Z30, 0, IndHolidays) -> 46157 | AB30: =WORKDAY(AA30, 0, IndHolidays) -> 46157 | AC30: =WORKDAY(AB30, 1, IndHolidays) -> 46160 | AD30: =WORKDAY(AC30, 0, IndHolidays) -> 46160 | AF30: =WORKDAY(AD30, AE30, IndHolidays) -> 46160 | AG30: 2 | AH30: =WORKDAY(AF30, AG30, IndHolidays) -> 46162 | AI30: 3 | AJ30: =WORKDAY(AH30, AI30, IndHolidays) -> 46167 | AK30: =WORKDAY(AJ30, 0, IndHolidays) -> 46167 | AL30: =WORKDAY(AK30, 1, IndHolidays) -> 46168 | AM30: =WORKDAY(AL30, 0, IndHolidays) -> 46168 | AO30: =WORKDAY(AM30, AN30, IndHolidays) -> 46168 | AP30: =AO30 -> 46168 | AQ30: =AP30 -> 46168 | AR30: =WORKDAY(AQ30, 1, IndHolidays) -> 46169 | AT30: =WORKDAY(AR30, AS30, IndHolidays) -> 46169 | AU30: 0 | AV30: =WORKDAY(AT30, AU30, IndHolidays) -> 46169 | AW30: 0 | AX30: =WORKDAY(AV30, AW30, IndHolidays) -> 46169 | AY30: =_xlfn.MINIFS(ReleaseTimeline!$A$2:$A$27, ReleaseTimeline!$A$2:$A$27, ">="&(MAX(AX30,AO30))) -> 46177 | AZ30: =VLOOKUP(AY30,ReleaseTimeline!$A$1:$E$27,2,FALSE) -> Release 12 | BA30: =WORKDAY(AZ30, 3, IndHolidays) -> #VALUE! | BB30: =VLOOKUP(AZ30,ReleaseTimeline!$B$2:$C$27,2,FALSE) -> 46184 | BC30: =WORKDAY(BB30, -5) -> 46177 | BD30: =(BB30 - P30) -> 36 | BF30: =(T30+Y30+AI30+AW30) -> 9
A31: 26 | B31: Content | F31: 46127 | H31: content\timeline.aspx.cs | I31: Pod 3 | J31: Rizwana | K31: =WORKDAY(F31,E31) -> 46127 | L31: 3 | M31: 0 | N31: 8817 | O31: =WORKDAY(K31-1, L31+M31, IndHolidays) -> 46129 | P31: =WORKDAY(K31-1, L31+M31, IndHolidays) -> 46129 | Q31: =WORKDAY(K31-1, L31+M31, IndHolidays) -> 46129 | S31: PR: 8817 raised on 5-May-26 | T31: 3 | U31: =WORKDAY(Q31, T31, IndHolidays) -> 46134 | V31: 1.5 | W31: =WORKDAY(U31, V31, IndHolidays) -> 46135 | X31: =WORKDAY(W31,0, IndHolidays) -> 46135 | Y31: 3 | Z31: =WORKDAY(X31, Y31, IndHolidays) -> 46140 | AA31: =WORKDAY(Z31, 0, IndHolidays) -> 46140 | AB31: =WORKDAY(AA31, 0, IndHolidays) -> 46140 | AC31: =WORKDAY(AB31, 1, IndHolidays) -> 46141 | AD31: =WORKDAY(AC31, 0, IndHolidays) -> 46141 | AF31: =WORKDAY(AD31, AE31, IndHolidays) -> 46141 | AG31: 2 | AH31: =WORKDAY(AF31, AG31, IndHolidays) -> 46146 | AI31: 3 | AJ31: =WORKDAY(AH31, AI31, IndHolidays) -> 46149 | AK31: =WORKDAY(AJ31, 0, IndHolidays) -> 46149 | AL31: =WORKDAY(AK31, 1, IndHolidays) -> 46150 | AM31: =WORKDAY(AL31, 0, IndHolidays) -> 46150 | AO31: =WORKDAY(AM31, AN31, IndHolidays) -> 46150 | AP31: =AO31 -> 46150 | AQ31: =AP31 -> 46150 | AR31: =WORKDAY(AQ31, 1, IndHolidays) -> 46153 | AT31: =WORKDAY(AR31, AS31, IndHolidays) -> 46153 | AU31: 0 | AV31: =WORKDAY(AT31, AU31, IndHolidays) -> 46153 | AW31: 0 | AX31: =WORKDAY(AV31, AW31, IndHolidays) -> 46153 | AY31: =_xlfn.MINIFS(ReleaseTimeline!$A$2:$A$27, ReleaseTimeline!$A$2:$A$27, ">="&(MAX(AX31,AO31))) -> 46163 | AZ31: =VLOOKUP(AY31,ReleaseTimeline!$A$1:$E$27,2,FALSE) -> Release 11 | BA31: =WORKDAY(AZ31, 3, IndHolidays) -> #VALUE! | BB31: =VLOOKUP(AZ31,ReleaseTimeline!$B$2:$C$27,2,FALSE) -> 46170 | BC31: =WORKDAY(BB31, -5) -> 46163 | BD31: =(BB31 - P31) -> 41 | BF31: =(T31+Y31+AI31+AW31) -> 9
A32: 27 | B32: Content | F32: =WORKDAY(Q29,1) -> 46149 | G32: 46146 | H32: content\captionedVideoItem.aspx.cs | I32: Pod 3 | J32: Ramesh | K32: 46146 | L32: 3 | M32: 0 | N32: 8804 | O32: =WORKDAY(K32-1, L32+M32, IndHolidays) -> 46148 | P32: =WORKDAY(K32-1, L32+M32, IndHolidays) -> 46148 | Q32: =WORKDAY(K32-1, L32+M32, IndHolidays) -> 46148 | T32: 3 | U32: =WORKDAY(Q32, T32, IndHolidays) -> 46153 | V32: 1.5 | W32: =WORKDAY(U32, V32, IndHolidays) -> 46154 | X32: =WORKDAY(W32,0, IndHolidays) -> 46154 | Y32: 3 | Z32: =WORKDAY(X32, Y32, IndHolidays) -> 46157 | AA32: =WORKDAY(Z32, 0, IndHolidays) -> 46157 | AB32: =WORKDAY(AA32, 0, IndHolidays) -> 46157 | AC32: =WORKDAY(AB32, 1, IndHolidays) -> 46160 | AD32: =WORKDAY(AC32, 0, IndHolidays) -> 46160 | AE32: 3 | AF32: =WORKDAY(AD32, AE32, IndHolidays) -> 46163 | AG32: 2 | AH32: =WORKDAY(AF32, AG32, IndHolidays) -> 46167 | AI32: 3 | AJ32: =WORKDAY(AH32, AI32, IndHolidays) -> 46171 | AK32: =WORKDAY(AJ32, 0, IndHolidays) -> 46171 | AL32: =WORKDAY(AK32, 1, IndHolidays) -> 46174 | AM32: =WORKDAY(AL32, 0, IndHolidays) -> 46174 | AN32: 1 | AO32: =WORKDAY(AM32, AN32, IndHolidays) -> 46176 | AP32: =AO32 -> 46176 | AQ32: =AP32 -> 46176 | AR32: =WORKDAY(AQ32, 1, IndHolidays) -> 46177 | AS32: 3 | AT32: =WORKDAY(AR32, AS32, IndHolidays) -> 46182 | AU32: 0 | AV32: =WORKDAY(AT32, AU32, IndHolidays) -> 46182 | AW32: 0 | AX32: =WORKDAY(AV32, AW32, IndHolidays) -> 46182 | AY32: =_xlfn.MINIFS(ReleaseTimeline!$A$2:$A$27, ReleaseTimeline!$A$2:$A$27, ">="&(MAX(AX32,AO32))) -> 46191 | AZ32: =VLOOKUP(AY32,ReleaseTimeline!$A$1:$E$27,2,FALSE) -> Release 13 | BA32: =WORKDAY(AZ32, 3, IndHolidays) -> #VALUE! | BB32: =VLOOKUP(AZ32,ReleaseTimeline!$B$2:$C$27,2,FALSE) -> 46198 | BC32: =WORKDAY(BB32, -5) -> 46191 | BD32: =(BB32 - P32) -> 50 | BF32: =(T32+Y32+AI32+AW32) -> 9
B33: Content | H33: content\elmItemInteractive.aspx | I33: Pod 3 | J33: Amol | K33: 46146 | L33: 3 | M33: 8804 | O33: 46148 | P33: 46148 | Q33: 46148 | T33: 3 | U33: =WORKDAY(Q33, T33, IndHolidays) -> 46153 | V33: 1.5 | W33: =WORKDAY(U33, V33, IndHolidays) -> 46154 | X33: =WORKDAY(W33,0, IndHolidays) -> 46154 | Y33: 3 | Z33: =WORKDAY(X33, Y33, IndHolidays) -> 46157 | AA33: =WORKDAY(Z33, 0, IndHolidays) -> 46157 | AB33: =WORKDAY(AA33, 0, IndHolidays) -> 46157 | AC33: =WORKDAY(AB33, 1, IndHolidays) -> 46160 | AD33: =WORKDAY(AC33, 0, IndHolidays) -> 46160 | AE33: 3 | AF33: =WORKDAY(AD33, AE33, IndHolidays) -> 46163 | AG33: 2 | AH33: =WORKDAY(AF33, AG33, IndHolidays) -> 46167 | AI33: 3 | AJ33: =WORKDAY(AH33, AI33, IndHolidays) -> 46171 | AK33: =WORKDAY(AJ33, 0, IndHolidays) -> 46171 | AL33: =WORKDAY(AK33, 1, IndHolidays) -> 46174 | AM33: =WORKDAY(AL33, 0, IndHolidays) -> 46174 | AN33: 1 | AO33: =WORKDAY(AM33, AN33, IndHolidays) -> 46176 | AP33: =AO33 -> 46176 | AQ33: =AP33 -> 46176 | AR33: =WORKDAY(AQ33, 1, IndHolidays) -> 46177 | AS33: 3 | AT33: =WORKDAY(AR33, AS33, IndHolidays) -> 46182 | AU33: 0 | AV33: =WORKDAY(AT33, AU33, IndHolidays) -> 46182 | AW33: 0 | AX33: =WORKDAY(AV33, AW33, IndHolidays) -> 46182 | AY33: =_xlfn.MINIFS(ReleaseTimeline!$A$2:$A$27, ReleaseTimeline!$A$2:$A$27, ">="&(MAX(AX33,AO33))) -> 46191 | AZ33: =VLOOKUP(AY33,ReleaseTimeline!$A$1:$E$27,2,FALSE) -> Release 13 | BA33: =VLOOKUP(AY33,ReleaseTimeline!$B$2:$C$27,2,FALSE) -> #N/A
B34: Content | H34: content/grammarTool.aspx | I34: Pod 3 | J34: Rizwana | K34: 46146 | L34: 3 | M34: 8804 | O34: =WORKDAY(K34-1, L34+M34, IndHolidays) -> 58490 | P34: =WORKDAY(K34-1, L34+M34, IndHolidays) -> 58490 | Q34: =WORKDAY(K34-1, L34+M34, IndHolidays) -> 58490 | T34: 3 | U34: =WORKDAY(Q34, T34, IndHolidays) -> 58495 | V34: 1.5 | W34: =WORKDAY(U34, V34, IndHolidays) -> 58496 | X34: =WORKDAY(W34,0, IndHolidays) -> 58496 | Y34: 3 | Z34: =WORKDAY(X34, Y34, IndHolidays) -> 58501 | AA34: =WORKDAY(Z34, 0, IndHolidays) -> 58501 | AB34: =WORKDAY(AA34, 0, IndHolidays) -> 58501 | AC34: =WORKDAY(AB34, 1, IndHolidays) -> 58502 | AD34: =WORKDAY(AC34, 0, IndHolidays) -> 58502 | AE34: 3 | AF34: =WORKDAY(AD34, AE34, IndHolidays) -> 58505 | AG34: 2 | AH34: =WORKDAY(AF34, AG34, IndHolidays) -> 58509 | AI34: 3 | AJ34: =WORKDAY(AH34, AI34, IndHolidays) -> 58512 | AK34: =WORKDAY(AJ34, 0, IndHolidays) -> 58512 | AL34: =WORKDAY(AK34, 1, IndHolidays) -> 58515 | AM34: =WORKDAY(AL34, 0, IndHolidays) -> 58515 | AN34: 1 | AO34: =WORKDAY(AM34, AN34, IndHolidays) -> 58516 | AP34: =AO34 -> 58516 | AQ34: =AP34 -> 58516 | AR34: =WORKDAY(AQ34, 1, IndHolidays) -> 58517 | AS34: 3 | AT34: =WORKDAY(AR34, AS34, IndHolidays) -> 58522 | AU34: 0 | AV34: =WORKDAY(AT34, AU34, IndHolidays) -> 58522 | AW34: 0 | AX34: =WORKDAY(AV34, AW34, IndHolidays) -> 58522 | AY34: =_xlfn.MINIFS(ReleaseTimeline!$A$2:$A$27, ReleaseTimeline!$A$2:$A$27, ">="&(MAX(AX34,AO34))) -> 0 | AZ34: =VLOOKUP(AY34,ReleaseTimeline!$A$1:$E$27,2,FALSE) -> #N/A | BA34: =VLOOKUP(AY34,ReleaseTimeline!$B$2:$C$27,2,FALSE) -> #N/A
B35: Content | H35: content\sources\source.aspx.cs | I35: Pod 3 | J35: Ramesh | K35: 46146 | L35: 3 | M35: 8804 | O35: =WORKDAY(K35-1, L35+M35, IndHolidays) -> 58490 | P35: =WORKDAY(K35-1, L35+M35, IndHolidays) -> 58490 | Q35: =WORKDAY(K35-1, L35+M35, IndHolidays) -> 58490 | T35: 3 | U35: =WORKDAY(Q35, T35, IndHolidays) -> 58495 | V35: 1.5 | W35: =WORKDAY(U35, V35, IndHolidays) -> 58496 | X35: =WORKDAY(W35,0, IndHolidays) -> 58496 | Y35: 3 | Z35: =WORKDAY(X35, Y35, IndHolidays) -> 58501 | AA35: =WORKDAY(Z35, 0, IndHolidays) -> 58501 | AB35: =WORKDAY(AA35, 0, IndHolidays) -> 58501 | AC35: =WORKDAY(AB35, 1, IndHolidays) -> 58502 | AD35: =WORKDAY(AC35, 0, IndHolidays) -> 58502 | AE35: 3 | AF35: =WORKDAY(AD35, AE35, IndHolidays) -> 58505 | AG35: 2 | AH35: =WORKDAY(AF35, AG35, IndHolidays) -> 58509 | AI35: 3 | AJ35: =WORKDAY(AH35, AI35, IndHolidays) -> 58512 | AK35: =WORKDAY(AJ35, 0, IndHolidays) -> 58512 | AL35: =WORKDAY(AK35, 1, IndHolidays) -> 58515 | AM35: =WORKDAY(AL35, 0, IndHolidays) -> 58515 | AN35: 1 | AO35: =WORKDAY(AM35, AN35, IndHolidays) -> 58516 | AP35: =AO35 -> 58516 | AQ35: =AP35 -> 58516 | AR35: =WORKDAY(AQ35, 1, IndHolidays) -> 58517 | AS35: 3 | AT35: =WORKDAY(AR35, AS35, IndHolidays) -> 58522 | AU35: 0 | AV35: =WORKDAY(AT35, AU35, IndHolidays) -> 58522 | AW35: 0 | AX35: =WORKDAY(AV35, AW35, IndHolidays) -> 58522 | AY35: =_xlfn.MINIFS(ReleaseTimeline!$A$2:$A$27, ReleaseTimeline!$A$2:$A$27, ">="&(MAX(AX35,AO35))) -> 0 | AZ35: =VLOOKUP(AY35,ReleaseTimeline!$A$1:$E$27,2,FALSE) -> #N/A | BA35: =VLOOKUP(AY35,ReleaseTimeline!$B$2:$C$27,2,FALSE) -> #N/A
B36: Content | H36: content\chrome\online\footer.aspx.cs | I36: Pod 3 | J36: Amol | K36: 46146 | L36: 3 | M36: 8804 | O36: =WORKDAY(K36-1, L36+M36, IndHolidays) -> 58490 | P36: =WORKDAY(K36-1, L36+M36, IndHolidays) -> 58490 | Q36: =WORKDAY(K36-1, L36+M36, IndHolidays) -> 58490 | T36: 3 | U36: =WORKDAY(Q36, T36, IndHolidays) -> 58495 | V36: 1.5 | W36: =WORKDAY(U36, V36, IndHolidays) -> 58496 | X36: =WORKDAY(W36,0, IndHolidays) -> 58496 | Y36: 3 | Z36: =WORKDAY(X36, Y36, IndHolidays) -> 58501 | AA36: =WORKDAY(Z36, 0, IndHolidays) -> 58501 | AB36: =WORKDAY(AA36, 0, IndHolidays) -> 58501 | AC36: =WORKDAY(AB36, 1, IndHolidays) -> 58502 | AD36: =WORKDAY(AC36, 0, IndHolidays) -> 58502 | AE36: 3 | AF36: =WORKDAY(AD36, AE36, IndHolidays) -> 58505 | AG36: 2 | AH36: =WORKDAY(AF36, AG36, IndHolidays) -> 58509 | AI36: 3 | AJ36: =WORKDAY(AH36, AI36, IndHolidays) -> 58512 | AK36: =WORKDAY(AJ36, 0, IndHolidays) -> 58512 | AL36: =WORKDAY(AK36, 1, IndHolidays) -> 58515 | AM36: =WORKDAY(AL36, 0, IndHolidays) -> 58515 | AN36: 1 | AO36: =WORKDAY(AM36, AN36, IndHolidays) -> 58516 | AP36: =AO36 -> 58516 | AQ36: =AP36 -> 58516 | AR36: =WORKDAY(AQ36, 1, IndHolidays) -> 58517 | AS36: 3 | AT36: =WORKDAY(AR36, AS36, IndHolidays) -> 58522 | AU36: 0 | AV36: =WORKDAY(AT36, AU36, IndHolidays) -> 58522 | AW36: 0 | AX36: =WORKDAY(AV36, AW36, IndHolidays) -> 58522 | AY36: =_xlfn.MINIFS(ReleaseTimeline!$A$2:$A$27, ReleaseTimeline!$A$2:$A$27, ">="&(MAX(AX36,AO36))) -> 0 | AZ36: =VLOOKUP(AY36,ReleaseTimeline!$A$1:$E$27,2,FALSE) -> #N/A | BA36: =VLOOKUP(AY36,ReleaseTimeline!$B$2:$C$27,2,FALSE) -> #N/A
B37: Content | H37: content\chrome\printed\options.aspx.cs | I37: Pod 3 | J37: Rizwana | K37: 46146 | L37: 3 | M37: 8804 | O37: =WORKDAY(K37-1, L37+M37, IndHolidays) -> 58490 | P37: =WORKDAY(K37-1, L37+M37, IndHolidays) -> 58490 | Q37: =WORKDAY(K37-1, L37+M37, IndHolidays) -> 58490 | T37: 3 | U37: =WORKDAY(Q37, T37, IndHolidays) -> 58495 | V37: 1.5 | W37: =WORKDAY(U37, V37, IndHolidays) -> 58496 | X37: =WORKDAY(W37,0, IndHolidays) -> 58496 | Y37: 3 | Z37: =WORKDAY(X37, Y37, IndHolidays) -> 58501 | AA37: =WORKDAY(Z37, 0, IndHolidays) -> 58501 | AB37: =WORKDAY(AA37, 0, IndHolidays) -> 58501 | AC37: =WORKDAY(AB37, 1, IndHolidays) -> 58502 | AD37: =WORKDAY(AC37, 0, IndHolidays) -> 58502 | AE37: 3 | AF37: =WORKDAY(AD37, AE37, IndHolidays) -> 58505 | AG37: 2 | AH37: =WORKDAY(AF37, AG37, IndHolidays) -> 58509 | AI37: 3 | AJ37: =WORKDAY(AH37, AI37, IndHolidays) -> 58512 | AK37: =WORKDAY(AJ37, 0, IndHolidays) -> 58512 | AL37: =WORKDAY(AK37, 1, IndHolidays) -> 58515 | AM37: =WORKDAY(AL37, 0, IndHolidays) -> 58515 | AN37: 1 | AO37: =WORKDAY(AM37, AN37, IndHolidays) -> 58516 | AP37: =AO37 -> 58516 | AQ37: =AP37 -> 58516 | AR37: =WORKDAY(AQ37, 1, IndHolidays) -> 58517 | AS37: 3 | AT37: =WORKDAY(AR37, AS37, IndHolidays) -> 58522 | AU37: 0 | AV37: =WORKDAY(AT37, AU37, IndHolidays) -> 58522 | AW37: 0 | AX37: =WORKDAY(AV37, AW37, IndHolidays) -> 58522 | AY37: =_xlfn.MINIFS(ReleaseTimeline!$A$2:$A$27, ReleaseTimeline!$A$2:$A$27, ">="&(MAX(AX37,AO37))) -> 0 | AZ37: =VLOOKUP(AY37,ReleaseTimeline!$A$1:$E$27,2,FALSE) -> #N/A | BA37: =VLOOKUP(AY37,ReleaseTimeline!$B$2:$C$27,2,FALSE) -> #N/A
A38: 28 | B38: Enrollment | C38: =VLOOKUP(B38,'Target Tech'!$C$7:$J$33,8,FALSE) -> Complete ASP | D38: No | E38: 2 | F38: =WORKDAY(Q19,1) -> 46140 | G38: =WORKDAY(R19,1) -> 2 | H38: page_1 | I38: Pod 1 | J38: Pod 1_Member3 | K38: =WORKDAY(F38,E38) -> 46142 | L38: 3 | M38: 0 | N38: 1 | O38: =WORKDAY(K38-1, L38+M38, IndHolidays) -> 46147 | P38: =WORKDAY(K38-1, L38+M38, IndHolidays) -> 46147 | Q38: =WORKDAY(K38-1, L38+M38, IndHolidays) -> 46147 | T38: 3 | U38: =WORKDAY(Q38, T38, IndHolidays) -> 46150 | V38: 1.5 | W38: =WORKDAY(U38, V38, IndHolidays) -> 46153 | X38: =WORKDAY(W38,0, IndHolidays) -> 46153 | Y38: 3 | Z38: =WORKDAY(X38, Y38, IndHolidays) -> 46156 | AA38: =WORKDAY(Z38, 0, IndHolidays) -> 46156 | AB38: =WORKDAY(AA38, 0, IndHolidays) -> 46156 | AC38: =WORKDAY(AB38, 1, IndHolidays) -> 46157 | AD38: =WORKDAY(AC38, 0, IndHolidays) -> 46157 | AF38: =WORKDAY(AD38, AE38, IndHolidays) -> 46157 | AG38: 2 | AH38: =WORKDAY(AF38, AG38, IndHolidays) -> 46161 | AI38: 3 | AJ38: =WORKDAY(AH38, AI38, IndHolidays) -> 46164 | AK38: =WORKDAY(AJ38, 0, IndHolidays) -> 46164 | AL38: =WORKDAY(AK38, 1, IndHolidays) -> 46167 | AM38: =WORKDAY(AL38, 0, IndHolidays) -> 46167 | AO38: =WORKDAY(AM38, AN38, IndHolidays) -> 46167 | AP38: =AO38 -> 46167 | AQ38: =AP38 -> 46167 | AR38: =WORKDAY(AQ38, 1, IndHolidays) -> 46168 | AT38: =WORKDAY(AR38, AS38, IndHolidays) -> 46168 | AU38: 0 | AV38: =WORKDAY(AT38, AU38, IndHolidays) -> 46168 | AW38: 0 | AX38: =WORKDAY(AV38, AW38, IndHolidays) -> 46168 | AY38: =_xlfn.MINIFS(ReleaseTimeline!$A$2:$A$27, ReleaseTimeline!$A$2:$A$27, ">="&(MAX(AX38,AO38))) -> 46177 | AZ38: =VLOOKUP(AY38,ReleaseTimeline!$A$1:$E$27,2,FALSE) -> Release 12 | BA38: =WORKDAY(AZ38, 3, IndHolidays) -> #VALUE! | BB38: =VLOOKUP(AZ38,ReleaseTimeline!$B$2:$C$27,2,FALSE) -> 46184 | BC38: =WORKDAY(BB38, -5) -> 46177 | BD38: =(BB38 - P38) -> 37 | BF38: =(T38+Y38+AI38+AW38) -> 9
A39: 29 | B39: Enrollment | C39: =VLOOKUP(B39,'Target Tech'!$C$7:$J$33,8,FALSE) -> Complete ASP | D39: No | E39: 2 | F39: 46150 | G39: 46150 | H39: page_2 | I39: Pod 1 | J39: Pod 1_Member1 | K39: =WORKDAY(F39,E39) -> 46154 | L39: 3 | M39: 0 | N39: 2 | O39: =WORKDAY(K39-1, L39+M39, IndHolidays) -> 46156 | P39: =WORKDAY(K39-1, L39+M39, IndHolidays) -> 46156 | Q39: =WORKDAY(K39-1, L39+M39, IndHolidays) -> 46156 | T39: 3 | U39: =WORKDAY(Q39, T39, IndHolidays) -> 46161 | V39: 1.5 | W39: =WORKDAY(U39, V39, IndHolidays) -> 46162 | X39: =WORKDAY(W39,0, IndHolidays) -> 46162 | Y39: 3 | Z39: =WORKDAY(X39, Y39, IndHolidays) -> 46167 | AA39: =WORKDAY(Z39, 0, IndHolidays) -> 46167 | AB39: =WORKDAY(AA39, 0, IndHolidays) -> 46167 | AC39: =WORKDAY(AB39, 1, IndHolidays) -> 46168 | AD39: =WORKDAY(AC39, 0, IndHolidays) -> 46168 | AF39: =WORKDAY(AD39, AE39, IndHolidays) -> 46168 | AG39: 2 | AH39: =WORKDAY(AF39, AG39, IndHolidays) -> 46171 | AI39: 3 | AJ39: =WORKDAY(AH39, AI39, IndHolidays) -> 46177 | AK39: =WORKDAY(AJ39, 0, IndHolidays) -> 46177 | AL39: =WORKDAY(AK39, 1, IndHolidays) -> 46178 | AM39: =WORKDAY(AL39, 0, IndHolidays) -> 46178 | AO39: =WORKDAY(AM39, AN39, IndHolidays) -> 46178 | AP39: =AO39 -> 46178 | AQ39: =AP39 -> 46178 | AR39: =WORKDAY(AQ39, 1, IndHolidays) -> 46181 | AT39: =WORKDAY(AR39, AS39, IndHolidays) -> 46181 | AU39: 0 | AV39: =WORKDAY(AT39, AU39, IndHolidays) -> 46181 | AW39: 0 | AX39: =WORKDAY(AV39, AW39, IndHolidays) -> 46181 | AY39: =_xlfn.MINIFS(ReleaseTimeline!$A$2:$A$27, ReleaseTimeline!$A$2:$A$27, ">="&(MAX(AX39,AO39))) -> 46191 | AZ39: =VLOOKUP(AY39,ReleaseTimeline!$A$1:$E$27,2,FALSE) -> Release 13 | BA39: =WORKDAY(AZ39, 3, IndHolidays) -> #VALUE! | BB39: =VLOOKUP(AZ39,ReleaseTimeline!$B$2:$C$27,2,FALSE) -> 46198 | BC39: =WORKDAY(BB39, -5) -> 46191 | BD39: =(BB39 - P39) -> 42 | BF39: =(T39+Y39+AI39+AW39) -> 9
A40: 30 | B40: Enrollment | C40: =VLOOKUP(B40,'Target Tech'!$C$7:$J$33,8,FALSE) -> Complete ASP | D40: No | E40: 2 | F40: =WORKDAY(Q18,1) -> 46140 | G40: =WORKDAY(R18,1) -> 2 | H40: page_3 | I40: Pod 1 | J40: Pod 1_Member2 | K40: =WORKDAY(F40,E40) -> 46142 | L40: 3 | M40: 0 | N40: 3 | O40: =WORKDAY(K40-1, L40+M40, IndHolidays) -> 46147 | P40: =WORKDAY(K40-1, L40+M40, IndHolidays) -> 46147 | Q40: =WORKDAY(K40-1, L40+M40, IndHolidays) -> 46147 | T40: 3 | U40: =WORKDAY(Q40, T40, IndHolidays) -> 46150 | V40: 1.5 | W40: =WORKDAY(U40, V40, IndHolidays) -> 46153 | X40: =WORKDAY(W40,0, IndHolidays) -> 46153 | Y40: 3 | Z40: =WORKDAY(X40, Y40, IndHolidays) -> 46156 | AA40: =WORKDAY(Z40, 0, IndHolidays) -> 46156 | AB40: =WORKDAY(AA40, 0, IndHolidays) -> 46156 | AC40: =WORKDAY(AB40, 1, IndHolidays) -> 46157 | AD40: =WORKDAY(AC40, 0, IndHolidays) -> 46157 | AF40: =WORKDAY(AD40, AE40, IndHolidays) -> 46157 | AG40: 2 | AH40: =WORKDAY(AF40, AG40, IndHolidays) -> 46161 | AI40: 3 | AJ40: =WORKDAY(AH40, AI40, IndHolidays) -> 46164 | AK40: =WORKDAY(AJ40, 0, IndHolidays) -> 46164 | AL40: =WORKDAY(AK40, 1, IndHolidays) -> 46167 | AM40: =WORKDAY(AL40, 0, IndHolidays) -> 46167 | AO40: =WORKDAY(AM40, AN40, IndHolidays) -> 46167 | AP40: =AO40 -> 46167 | AQ40: =AP40 -> 46167 | AR40: =WORKDAY(AQ40, 1, IndHolidays) -> 46168 | AT40: =WORKDAY(AR40, AS40, IndHolidays) -> 46168 | AU40: 0 | AV40: =WORKDAY(AT40, AU40, IndHolidays) -> 46168 | AW40: 0 | AX40: =WORKDAY(AV40, AW40, IndHolidays) -> 46168 | AY40: =_xlfn.MINIFS(ReleaseTimeline!$A$2:$A$27, ReleaseTimeline!$A$2:$A$27, ">="&(MAX(AX40,AO40))) -> 46177 | AZ40: =VLOOKUP(AY40,ReleaseTimeline!$A$1:$E$27,2,FALSE) -> Release 12 | BA40: =WORKDAY(AZ40, 3, IndHolidays) -> #VALUE! | BB40: =VLOOKUP(AZ40,ReleaseTimeline!$B$2:$C$27,2,FALSE) -> 46184 | BC40: =WORKDAY(BB40, -5) -> 46177 | BD40: =(BB40 - P40) -> 37 | BF40: =(T40+Y40+AI40+AW40) -> 9
A41: 31 | B41: Enrollment | C41: =VLOOKUP(B41,'Target Tech'!$C$7:$J$33,8,FALSE) -> Complete ASP | D41: No | E41: 2 | F41: =WORKDAY(Q38,1) -> 46148 | G41: =WORKDAY(R38,1) -> 2 | H41: page_4 | I41: Pod 1 | J41: Pod 1_Member3 | K41: =WORKDAY(F41,E41) -> 46150 | L41: 3 | M41: 0 | N41: 4 | O41: =WORKDAY(K41-1, L41+M41, IndHolidays) -> 46154 | P41: =WORKDAY(K41-1, L41+M41, IndHolidays) -> 46154 | Q41: =WORKDAY(K41-1, L41+M41, IndHolidays) -> 46154 | T41: 3 | U41: =WORKDAY(Q41, T41, IndHolidays) -> 46157 | V41: 1.5 | W41: =WORKDAY(U41, V41, IndHolidays) -> 46160 | X41: =WORKDAY(W41,0, IndHolidays) -> 46160 | Y41: 3 | Z41: =WORKDAY(X41, Y41, IndHolidays) -> 46163 | AA41: =WORKDAY(Z41, 0, IndHolidays) -> 46163 | AB41: =WORKDAY(AA41, 0, IndHolidays) -> 46163 | AC41: =WORKDAY(AB41, 1, IndHolidays) -> 46164 | AD41: =WORKDAY(AC41, 0, IndHolidays) -> 46164 | AF41: =WORKDAY(AD41, AE41, IndHolidays) -> 46164 | AG41: 2 | AH41: =WORKDAY(AF41, AG41, IndHolidays) -> 46168 | AI41: 3 | AJ41: =WORKDAY(AH41, AI41, IndHolidays) -> 46174 | AK41: =WORKDAY(AJ41, 0, IndHolidays) -> 46174 | AL41: =WORKDAY(AK41, 1, IndHolidays) -> 46176 | AM41: =WORKDAY(AL41, 0, IndHolidays) -> 46176 | AO41: =WORKDAY(AM41, AN41, IndHolidays) -> 46176 | AP41: =AO41 -> 46176 | AQ41: =AP41 -> 46176 | AR41: =WORKDAY(AQ41, 1, IndHolidays) -> 46177 | AT41: =WORKDAY(AR41, AS41, IndHolidays) -> 46177 | AU41: 0 | AV41: =WORKDAY(AT41, AU41, IndHolidays) -> 46177 | AW41: 0 | AX41: =WORKDAY(AV41, AW41, IndHolidays) -> 46177 | AY41: =_xlfn.MINIFS(ReleaseTimeline!$A$2:$A$27, ReleaseTimeline!$A$2:$A$27, ">="&(MAX(AX41,AO41))) -> 46177 | AZ41: =VLOOKUP(AY41,ReleaseTimeline!$A$1:$E$27,2,FALSE) -> Release 12 | BA41: =WORKDAY(AZ41, 3, IndHolidays) -> #VALUE! | BB41: =VLOOKUP(AZ41,ReleaseTimeline!$B$2:$C$27,2,FALSE) -> 46184 | BC41: =WORKDAY(BB41, -5) -> 46177 | BD41: =(BB41 - P41) -> 30 | BF41: =(T41+Y41+AI41+AW41) -> 9
A42: 32 | B42: Enrollment | C42: =VLOOKUP(B42,'Target Tech'!$C$7:$J$33,8,FALSE) -> Complete ASP | D42: No | E42: 2 | F42: 46157 | G42: 46157 | H42: page_5 | I42: Pod 1 | J42: Pod 1_Member1 | K42: =WORKDAY(F42,E42) -> 46161 | L42: 3 | M42: 0 | N42: 5 | O42: =WORKDAY(K42-1, L42+M42, IndHolidays) -> 46163 | P42: =WORKDAY(K42-1, L42+M42, IndHolidays) -> 46163 | Q42: =WORKDAY(K42-1, L42+M42, IndHolidays) -> 46163 | T42: 3 | U42: =WORKDAY(Q42, T42, IndHolidays) -> 46168 | V42: 1.5 | W42: =WORKDAY(U42, V42, IndHolidays) -> 46169 | X42: =WORKDAY(W42,0, IndHolidays) -> 46169 | Y42: 3 | Z42: =WORKDAY(X42, Y42, IndHolidays) -> 46176 | AA42: =WORKDAY(Z42, 0, IndHolidays) -> 46176 | AB42: =WORKDAY(AA42, 0, IndHolidays) -> 46176 | AC42: =WORKDAY(AB42, 1, IndHolidays) -> 46177 | AD42: =WORKDAY(AC42, 0, IndHolidays) -> 46177 | AF42: =WORKDAY(AD42, AE42, IndHolidays) -> 46177 | AG42: 2 | AH42: =WORKDAY(AF42, AG42, IndHolidays) -> 46181 | AI42: 3 | AJ42: =WORKDAY(AH42, AI42, IndHolidays) -> 46184 | AK42: =WORKDAY(AJ42, 0, IndHolidays) -> 46184 | AL42: =WORKDAY(AK42, 1, IndHolidays) -> 46185 | AM42: =WORKDAY(AL42, 0, IndHolidays) -> 46185 | AO42: =WORKDAY(AM42, AN42, IndHolidays) -> 46185 | AP42: =AO42 -> 46185 | AQ42: =AP42 -> 46185 | AR42: =WORKDAY(AQ42, 1, IndHolidays) -> 46188 | AT42: =WORKDAY(AR42, AS42, IndHolidays) -> 46188 | AU42: 0 | AV42: =WORKDAY(AT42, AU42, IndHolidays) -> 46188 | AW42: 0 | AX42: =WORKDAY(AV42, AW42, IndHolidays) -> 46188 | AY42: =_xlfn.MINIFS(ReleaseTimeline!$A$2:$A$27, ReleaseTimeline!$A$2:$A$27, ">="&(MAX(AX42,AO42))) -> 46191 | AZ42: =VLOOKUP(AY42,ReleaseTimeline!$A$1:$E$27,2,FALSE) -> Release 13 | BA42: =WORKDAY(AZ42, 3, IndHolidays) -> #VALUE! | BB42: =VLOOKUP(AZ42,ReleaseTimeline!$B$2:$C$27,2,FALSE) -> 46198 | BC42: =WORKDAY(BB42, -5) -> 46191 | BD42: =(BB42 - P42) -> 35 | BF42: =(T42+Y42+AI42+AW42) -> 9
A43: 33 | B43: Enrollment | C43: =VLOOKUP(B43,'Target Tech'!$C$7:$J$33,8,FALSE) -> Complete ASP | D43: No | E43: 2 | F43: =WORKDAY(Q40,1) -> 46148 | G43: =WORKDAY(R40,1) -> 2 | H43: page_6 | I43: Pod 1 | J43: Pod 1_Member2 | K43: =WORKDAY(F43,E43) -> 46150 | L43: 3 | M43: 0 | N43: 6 | O43: =WORKDAY(K43-1, L43+M43, IndHolidays) -> 46154 | P43: =WORKDAY(K43-1, L43+M43, IndHolidays) -> 46154 | Q43: =WORKDAY(K43-1, L43+M43, IndHolidays) -> 46154 | T43: 3 | U43: =WORKDAY(Q43, T43, IndHolidays) -> 46157 | V43: 1.5 | W43: =WORKDAY(U43, V43, IndHolidays) -> 46160 | X43: =WORKDAY(W43,0, IndHolidays) -> 46160 | Y43: 3 | Z43: =WORKDAY(X43, Y43, IndHolidays) -> 46163 | AA43: =WORKDAY(Z43, 0, IndHolidays) -> 46163 | AB43: =WORKDAY(AA43, 0, IndHolidays) -> 46163 | AC43: =WORKDAY(AB43, 1, IndHolidays) -> 46164 | AD43: =WORKDAY(AC43, 0, IndHolidays) -> 46164 | AF43: =WORKDAY(AD43, AE43, IndHolidays) -> 46164 | AG43: 2 | AH43: =WORKDAY(AF43, AG43, IndHolidays) -> 46168 | AI43: 3 | AJ43: =WORKDAY(AH43, AI43, IndHolidays) -> 46174 | AK43: =WORKDAY(AJ43, 0, IndHolidays) -> 46174 | AL43: =WORKDAY(AK43, 1, IndHolidays) -> 46176 | AM43: =WORKDAY(AL43, 0, IndHolidays) -> 46176 | AO43: =WORKDAY(AM43, AN43, IndHolidays) -> 46176 | AP43: =AO43 -> 46176 | AQ43: =AP43 -> 46176 | AR43: =WORKDAY(AQ43, 1, IndHolidays) -> 46177 | AT43: =WORKDAY(AR43, AS43, IndHolidays) -> 46177 | AU43: 0 | AV43: =WORKDAY(AT43, AU43, IndHolidays) -> 46177 | AW43: 0 | AX43: =WORKDAY(AV43, AW43, IndHolidays) -> 46177 | AY43: =_xlfn.MINIFS(ReleaseTimeline!$A$2:$A$27, ReleaseTimeline!$A$2:$A$27, ">="&(MAX(AX43,AO43))) -> 46177 | AZ43: =VLOOKUP(AY43,ReleaseTimeline!$A$1:$E$27,2,FALSE) -> Release 12 | BA43: =WORKDAY(AZ43, 3, IndHolidays) -> #VALUE! | BB43: =VLOOKUP(AZ43,ReleaseTimeline!$B$2:$C$27,2,FALSE) -> 46184 | BC43: =WORKDAY(BB43, -5) -> 46177 | BD43: =(BB43 - P43) -> 30 | BF43: =(T43+Y43+AI43+AW43) -> 9
A44: 34 | B44: Enrollment | C44: =VLOOKUP(B44,'Target Tech'!$C$7:$J$33,8,FALSE) -> Complete ASP | D44: No | E44: 2 | F44: =WORKDAY(Q41,1) -> 46155 | G44: =WORKDAY(R41,1) -> 2 | H44: page_7 | I44: Pod 1 | J44: Pod 1_Member3 | K44: =WORKDAY(F44,E44) -> 46157 | L44: 3 | M44: 0 | N44: 7 | O44: =WORKDAY(K44-1, L44+M44, IndHolidays) -> 46161 | P44: =WORKDAY(K44-1, L44+M44, IndHolidays) -> 46161 | Q44: =WORKDAY(K44-1, L44+M44, IndHolidays) -> 46161 | T44: 3 | U44: =WORKDAY(Q44, T44, IndHolidays) -> 46164 | V44: 1.5 | W44: =WORKDAY(U44, V44, IndHolidays) -> 46167 | X44: =WORKDAY(W44,0, IndHolidays) -> 46167 | Y44: 3 | Z44: =WORKDAY(X44, Y44, IndHolidays) -> 46171 | AA44: =WORKDAY(Z44, 0, IndHolidays) -> 46171 | AB44: =WORKDAY(AA44, 0, IndHolidays) -> 46171 | AC44: =WORKDAY(AB44, 1, IndHolidays) -> 46174 | AD44: =WORKDAY(AC44, 0, IndHolidays) -> 46174 | AF44: =WORKDAY(AD44, AE44, IndHolidays) -> 46174 | AG44: 2 | AH44: =WORKDAY(AF44, AG44, IndHolidays) -> 46177 | AI44: 3 | AJ44: =WORKDAY(AH44, AI44, IndHolidays) -> 46182 | AK44: =WORKDAY(AJ44, 0, IndHolidays) -> 46182 | AL44: =WORKDAY(AK44, 1, IndHolidays) -> 46183 | AM44: =WORKDAY(AL44, 0, IndHolidays) -> 46183 | AO44: =WORKDAY(AM44, AN44, IndHolidays) -> 46183 | AP44: =AO44 -> 46183 | AQ44: =AP44 -> 46183 | AR44: =WORKDAY(AQ44, 1, IndHolidays) -> 46184 | AT44: =WORKDAY(AR44, AS44, IndHolidays) -> 46184 | AU44: 0 | AV44: =WORKDAY(AT44, AU44, IndHolidays) -> 46184 | AW44: 0 | AX44: =WORKDAY(AV44, AW44, IndHolidays) -> 46184 | AY44: =_xlfn.MINIFS(ReleaseTimeline!$A$2:$A$27, ReleaseTimeline!$A$2:$A$27, ">="&(MAX(AX44,AO44))) -> 46191 | AZ44: =VLOOKUP(AY44,ReleaseTimeline!$A$1:$E$27,2,FALSE) -> Release 13 | BA44: =WORKDAY(AZ44, 3, IndHolidays) -> #VALUE! | BB44: =VLOOKUP(AZ44,ReleaseTimeline!$B$2:$C$27,2,FALSE) -> 46198 | BC44: =WORKDAY(BB44, -5) -> 46191 | BD44: =(BB44 - P44) -> 37 | BF44: =(T44+Y44+AI44+AW44) -> 9
A45: 35 | B45: Enrollment | C45: =VLOOKUP(B45,'Target Tech'!$C$7:$J$33,8,FALSE) -> Complete ASP | D45: No | E45: 2 | F45: 46164 | G45: 46164 | H45: page_8 | I45: Pod 1 | J45: Pod 1_Member1 | K45: =WORKDAY(F45,E45) -> 46168 | L45: 3 | M45: 0 | N45: 8 | O45: =WORKDAY(K45-1, L45+M45, IndHolidays) -> 46171 | P45: =WORKDAY(K45-1, L45+M45, IndHolidays) -> 46171 | Q45: =WORKDAY(K45-1, L45+M45, IndHolidays) -> 46171 | T45: 3 | U45: =WORKDAY(Q45, T45, IndHolidays) -> 46177 | V45: 1.5 | W45: =WORKDAY(U45, V45, IndHolidays) -> 46178 | X45: =WORKDAY(W45,0, IndHolidays) -> 46178 | Y45: 3 | Z45: =WORKDAY(X45, Y45, IndHolidays) -> 46183 | AA45: =WORKDAY(Z45, 0, IndHolidays) -> 46183 | AB45: =WORKDAY(AA45, 0, IndHolidays) -> 46183 | AC45: =WORKDAY(AB45, 1, IndHolidays) -> 46184 | AD45: =WORKDAY(AC45, 0, IndHolidays) -> 46184 | AE45: 3 | AF45: =WORKDAY(AD45, AE45, IndHolidays) -> 46189 | AG45: 2 | AH45: =WORKDAY(AF45, AG45, IndHolidays) -> 46191 | AI45: 3 | AJ45: =WORKDAY(AH45, AI45, IndHolidays) -> 46196 | AK45: =WORKDAY(AJ45, 0, IndHolidays) -> 46196 | AL45: =WORKDAY(AK45, 1, IndHolidays) -> 46197 | AM45: =WORKDAY(AL45, 0, IndHolidays) -> 46197 | AN45: 1 | AO45: =WORKDAY(AM45, AN45, IndHolidays) -> 46198 | AP45: =AO45 -> 46198 | AQ45: =AP45 -> 46198 | AR45: =WORKDAY(AQ45, 1, IndHolidays) -> 46202 | AS45: 3 | AT45: =WORKDAY(AR45, AS45, IndHolidays) -> 46205 | AU45: 0 | AV45: =WORKDAY(AT45, AU45, IndHolidays) -> 46205 | AW45: 0 | AX45: =WORKDAY(AV45, AW45, IndHolidays) -> 46205 | AY45: =_xlfn.MINIFS(ReleaseTimeline!$A$2:$A$27, ReleaseTimeline!$A$2:$A$27, ">="&(MAX(AX45,AO45))) -> 46205 | AZ45: =VLOOKUP(AY45,ReleaseTimeline!$A$1:$E$27,2,FALSE) -> Release 14 | BA45: =WORKDAY(AZ45, 3, IndHolidays) -> #VALUE! | BB45: =VLOOKUP(AZ45,ReleaseTimeline!$B$2:$C$27,2,FALSE) -> 46212 | BC45: =WORKDAY(BB45, -5) -> 46205 | BD45: =(BB45 - P45) -> 41 | BF45: =(T45+Y45+AI45+AW45) -> 9
A46: 36 | B46: ExtendedField | C46: =VLOOKUP(B46,'Target Tech'!$C$7:$J$33,8,FALSE) -> Complete ASP | D46: Yes | E46: 0 | F46: 46160 | G46: 46160 | H46: page_1 | I46: Pod 1 | J46: Pod 1_Member1 | K46: =F46 -> 46160 | L46: 3 | M46: 0 | N46: 1 | O46: =WORKDAY(K46-1, L46+M46, IndHolidays) -> 46162 | P46: =WORKDAY(K46-1, L46+M46, IndHolidays) -> 46162 | Q46: =WORKDAY(K46-1, L46+M46, IndHolidays) -> 46162 | T46: 3 | U46: =WORKDAY(Q46, T46, IndHolidays) -> 46167 | V46: 1.5 | W46: =WORKDAY(U46, V46, IndHolidays) -> 46168 | X46: =WORKDAY(W46,0, IndHolidays) -> 46168 | Y46: 3 | Z46: =WORKDAY(X46, Y46, IndHolidays) -> 46174 | AA46: =WORKDAY(Z46, 0, IndHolidays) -> 46174 | AB46: =WORKDAY(AA46, 0, IndHolidays) -> 46174 | AC46: =WORKDAY(AB46, 1, IndHolidays) -> 46176 | AD46: =WORKDAY(AC46, 0, IndHolidays) -> 46176 | AF46: =WORKDAY(AD46, AE46, IndHolidays) -> 46176 | AG46: 2 | AH46: =WORKDAY(AF46, AG46, IndHolidays) -> 46178 | AI46: 3 | AJ46: =WORKDAY(AH46, AI46, IndHolidays) -> 46183 | AK46: =WORKDAY(AJ46, 0, IndHolidays) -> 46183 | AL46: =WORKDAY(AK46, 1, IndHolidays) -> 46184 | AM46: =WORKDAY(AL46, 0, IndHolidays) -> 46184 | AO46: =WORKDAY(AM46, AN46, IndHolidays) -> 46184 | AP46: =AO46 -> 46184 | AQ46: =AP46 -> 46184 | AR46: =WORKDAY(AQ46, 1, IndHolidays) -> 46185 | AT46: =WORKDAY(AR46, AS46, IndHolidays) -> 46185 | AU46: 0 | AV46: =WORKDAY(AT46, AU46, IndHolidays) -> 46185 | AW46: 0 | AX46: =WORKDAY(AV46, AW46, IndHolidays) -> 46185 | AY46: =_xlfn.MINIFS(ReleaseTimeline!$A$2:$A$27, ReleaseTimeline!$A$2:$A$27, ">="&(MAX(AX46,AO46))) -> 46191 | AZ46: =VLOOKUP(AY46,ReleaseTimeline!$A$1:$E$27,2,FALSE) -> Release 13 | BA46: =WORKDAY(AZ46, 3, IndHolidays) -> #VALUE! | BB46: =VLOOKUP(AZ46,ReleaseTimeline!$B$2:$C$27,2,FALSE) -> 46198 | BC46: =WORKDAY(BB46, -5) -> 46191 | BD46: =(BB46 - P46) -> 36 | BF46: =(T46+Y46+AI46+AW46) -> 9
A47: 37 | B47: ExtendedField | C47: =VLOOKUP(B47,'Target Tech'!$C$7:$J$33,8,FALSE) -> Complete ASP | D47: Yes | E47: 0 | F47: 46150 | G47: 46150 | H47: page_2 | I47: Pod 1 | J47: Pod 1_Member2 | K47: =F47 -> 46150 | L47: 3 | M47: 0 | N47: 2 | O47: =WORKDAY(K47-1, L47+M47, IndHolidays) -> 46154 | P47: =WORKDAY(K47-1, L47+M47, IndHolidays) -> 46154 | Q47: =WORKDAY(K47-1, L47+M47, IndHolidays) -> 46154 | T47: 3 | U47: =WORKDAY(Q47, T47, IndHolidays) -> 46157 | V47: 1.5 | W47: =WORKDAY(U47, V47, IndHolidays) -> 46160 | X47: =WORKDAY(W47,0, IndHolidays) -> 46160 | Y47: 3 | Z47: =WORKDAY(X47, Y47, IndHolidays) -> 46163 | AA47: =WORKDAY(Z47, 0, IndHolidays) -> 46163 | AB47: =WORKDAY(AA47, 0, IndHolidays) -> 46163 | AC47: =WORKDAY(AB47, 1, IndHolidays) -> 46164 | AD47: =WORKDAY(AC47, 0, IndHolidays) -> 46164 | AF47: =WORKDAY(AD47, AE47, IndHolidays) -> 46164 | AG47: 2 | AH47: =WORKDAY(AF47, AG47, IndHolidays) -> 46168 | AI47: 3 | AJ47: =WORKDAY(AH47, AI47, IndHolidays) -> 46174 | AK47: =WORKDAY(AJ47, 0, IndHolidays) -> 46174 | AL47: =WORKDAY(AK47, 1, IndHolidays) -> 46176 | AM47: =WORKDAY(AL47, 0, IndHolidays) -> 46176 | AO47: =WORKDAY(AM47, AN47, IndHolidays) -> 46176 | AP47: =AO47 -> 46176 | AQ47: =AP47 -> 46176 | AR47: =WORKDAY(AQ47, 1, IndHolidays) -> 46177 | AT47: =WORKDAY(AR47, AS47, IndHolidays) -> 46177 | AU47: 0 | AV47: =WORKDAY(AT47, AU47, IndHolidays) -> 46177 | AW47: 0 | AX47: =WORKDAY(AV47, AW47, IndHolidays) -> 46177 | AY47: =_xlfn.MINIFS(ReleaseTimeline!$A$2:$A$27, ReleaseTimeline!$A$2:$A$27, ">="&(MAX(AX47,AO47))) -> 46177 | AZ47: =VLOOKUP(AY47,ReleaseTimeline!$A$1:$E$27,2,FALSE) -> Release 12 | BA47: =WORKDAY(AZ47, 3, IndHolidays) -> #VALUE! | BB47: =VLOOKUP(AZ47,ReleaseTimeline!$B$2:$C$27,2,FALSE) -> 46184 | BC47: =WORKDAY(BB47, -5) -> 46177 | BD47: =(BB47 - P47) -> 30 | BF47: =(T47+Y47+AI47+AW47) -> 9
A48: 38 | B48: ExtendedField | C48: =VLOOKUP(B48,'Target Tech'!$C$7:$J$33,8,FALSE) -> Complete ASP | D48: Yes | E48: 0 | F48: 46147 | G48: 46147 | H48: page_3 | I48: Pod 1 | J48: Pod 1_Member3 | K48: =F48 -> 46147 | L48: 3 | M48: 0 | N48: 3 | O48: =WORKDAY(K48-1, L48+M48, IndHolidays) -> 46149 | P48: =WORKDAY(K48-1, L48+M48, IndHolidays) -> 46149 | Q48: =WORKDAY(K48-1, L48+M48, IndHolidays) -> 46149 | T48: 3 | U48: =WORKDAY(Q48, T48, IndHolidays) -> 46154 | V48: 1.5 | W48: =WORKDAY(U48, V48, IndHolidays) -> 46155 | X48: =WORKDAY(W48,0, IndHolidays) -> 46155 | Y48: 3 | Z48: =WORKDAY(X48, Y48, IndHolidays) -> 46160 | AA48: =WORKDAY(Z48, 0, IndHolidays) -> 46160 | AB48: =WORKDAY(AA48, 0, IndHolidays) -> 46160 | AC48: =WORKDAY(AB48, 1, IndHolidays) -> 46161 | AD48: =WORKDAY(AC48, 0, IndHolidays) -> 46161 | AF48: =WORKDAY(AD48, AE48, IndHolidays) -> 46161 | AG48: 2 | AH48: =WORKDAY(AF48, AG48, IndHolidays) -> 46163 | AI48: 3 | AJ48: =WORKDAY(AH48, AI48, IndHolidays) -> 46168 | AK48: =WORKDAY(AJ48, 0, IndHolidays) -> 46168 | AL48: =WORKDAY(AK48, 1, IndHolidays) -> 46169 | AM48: =WORKDAY(AL48, 0, IndHolidays) -> 46169 | AO48: =WORKDAY(AM48, AN48, IndHolidays) -> 46169 | AP48: =AO48 -> 46169 | AQ48: =AP48 -> 46169 | AR48: =WORKDAY(AQ48, 1, IndHolidays) -> 46171 | AT48: =WORKDAY(AR48, AS48, IndHolidays) -> 46171 | AU48: 0 | AV48: =WORKDAY(AT48, AU48, IndHolidays) -> 46171 | AW48: 0 | AX48: =WORKDAY(AV48, AW48, IndHolidays) -> 46171 | AY48: =_xlfn.MINIFS(ReleaseTimeline!$A$2:$A$27, ReleaseTimeline!$A$2:$A$27, ">="&(MAX(AX48,AO48))) -> 46177 | AZ48: =VLOOKUP(AY48,ReleaseTimeline!$A$1:$E$27,2,FALSE) -> Release 12 | BA48: =WORKDAY(AZ48, 3, IndHolidays) -> #VALUE! | BB48: =VLOOKUP(AZ48,ReleaseTimeline!$B$2:$C$27,2,FALSE) -> 46184 | BC48: =WORKDAY(BB48, -5) -> 46177 | BD48: =(BB48 - P48) -> 35 | BF48: =(T48+Y48+AI48+AW48) -> 9
A49: 39 | B49: ExtendedField | C49: =VLOOKUP(B49,'Target Tech'!$C$7:$J$33,8,FALSE) -> Complete ASP | D49: Yes | E49: 0 | F49: 46163 | G49: 46163 | H49: page_4 | I49: Pod 1 | J49: Pod 1_Member1 | K49: =F49 -> 46163 | L49: 3 | M49: 0 | N49: 4 | O49: =WORKDAY(K49-1, L49+M49, IndHolidays) -> 46167 | P49: =WORKDAY(K49-1, L49+M49, IndHolidays) -> 46167 | Q49: =WORKDAY(K49-1, L49+M49, IndHolidays) -> 46167 | T49: 3 | U49: =WORKDAY(Q49, T49, IndHolidays) -> 46171 | V49: 1.5 | W49: =WORKDAY(U49, V49, IndHolidays) -> 46174 | X49: =WORKDAY(W49,0, IndHolidays) -> 46174 | Y49: 3 | Z49: =WORKDAY(X49, Y49, IndHolidays) -> 46178 | AA49: =WORKDAY(Z49, 0, IndHolidays) -> 46178 | AB49: =WORKDAY(AA49, 0, IndHolidays) -> 46178 | AC49: =WORKDAY(AB49, 1, IndHolidays) -> 46181 | AD49: =WORKDAY(AC49, 0, IndHolidays) -> 46181 | AF49: =WORKDAY(AD49, AE49, IndHolidays) -> 46181 | AG49: 2 | AH49: =WORKDAY(AF49, AG49, IndHolidays) -> 46183 | AI49: 3 | AJ49: =WORKDAY(AH49, AI49, IndHolidays) -> 46188 | AK49: =WORKDAY(AJ49, 0, IndHolidays) -> 46188 | AL49: =WORKDAY(AK49, 1, IndHolidays) -> 46189 | AM49: =WORKDAY(AL49, 0, IndHolidays) -> 46189 | AO49: =WORKDAY(AM49, AN49, IndHolidays) -> 46189 | AP49: =AO49 -> 46189 | AQ49: =AP49 -> 46189 | AR49: =WORKDAY(AQ49, 1, IndHolidays) -> 46190 | AT49: =WORKDAY(AR49, AS49, IndHolidays) -> 46190 | AU49: 0 | AV49: =WORKDAY(AT49, AU49, IndHolidays) -> 46190 | AW49: 0 | AX49: =WORKDAY(AV49, AW49, IndHolidays) -> 46190 | AY49: =_xlfn.MINIFS(ReleaseTimeline!$A$2:$A$27, ReleaseTimeline!$A$2:$A$27, ">="&(MAX(AX49,AO49))) -> 46191 | AZ49: =VLOOKUP(AY49,ReleaseTimeline!$A$1:$E$27,2,FALSE) -> Release 13 | BA49: =WORKDAY(AZ49, 3, IndHolidays) -> #VALUE! | BB49: =VLOOKUP(AZ49,ReleaseTimeline!$B$2:$C$27,2,FALSE) -> 46198 | BC49: =WORKDAY(BB49, -5) -> 46191 | BD49: =(BB49 - P49) -> 31 | BF49: =(T49+Y49+AI49+AW49) -> 9
A50: 40 | B50: ExtendedField | C50: =VLOOKUP(B50,'Target Tech'!$C$7:$J$33,8,FALSE) -> Complete ASP | D50: Yes | E50: 0 | F50: 46155 | G50: 46155 | H50: page_5 | I50: Pod 1 | J50: Pod 1_Member2 | K50: =F50 -> 46155 | L50: 3 | M50: 0 | N50: 5 | O50: =WORKDAY(K50-1, L50+M50, IndHolidays) -> 46157 | P50: =WORKDAY(K50-1, L50+M50, IndHolidays) -> 46157 | Q50: =WORKDAY(K50-1, L50+M50, IndHolidays) -> 46157 | T50: 3 | U50: =WORKDAY(Q50, T50, IndHolidays) -> 46162 | V50: 1.5 | W50: =WORKDAY(U50, V50, IndHolidays) -> 46163 | X50: =WORKDAY(W50,0, IndHolidays) -> 46163 | Y50: 3 | Z50: =WORKDAY(X50, Y50, IndHolidays) -> 46168 | AA50: =WORKDAY(Z50, 0, IndHolidays) -> 46168 | AB50: =WORKDAY(AA50, 0, IndHolidays) -> 46168 | AC50: =WORKDAY(AB50, 1, IndHolidays) -> 46169 | AD50: =WORKDAY(AC50, 0, IndHolidays) -> 46169 | AF50: =WORKDAY(AD50, AE50, IndHolidays) -> 46169 | AG50: 2 | AH50: =WORKDAY(AF50, AG50, IndHolidays) -> 46174 | AI50: 3 | AJ50: =WORKDAY(AH50, AI50, IndHolidays) -> 46178 | AK50: =WORKDAY(AJ50, 0, IndHolidays) -> 46178 | AL50: =WORKDAY(AK50, 1, IndHolidays) -> 46181 | AM50: =WORKDAY(AL50, 0, IndHolidays) -> 46181 | AO50: =WORKDAY(AM50, AN50, IndHolidays) -> 46181 | AP50: =AO50 -> 46181 | AQ50: =AP50 -> 46181 | AR50: =WORKDAY(AQ50, 1, IndHolidays) -> 46182 | AT50: =WORKDAY(AR50, AS50, IndHolidays) -> 46182 | AU50: 0 | AV50: =WORKDAY(AT50, AU50, IndHolidays) -> 46182 | AW50: 0 | AX50: =WORKDAY(AV50, AW50, IndHolidays) -> 46182 | AY50: =_xlfn.MINIFS(ReleaseTimeline!$A$2:$A$27, ReleaseTimeline!$A$2:$A$27, ">="&(MAX(AX50,AO50))) -> 46191 | AZ50: =VLOOKUP(AY50,ReleaseTimeline!$A$1:$E$27,2,FALSE) -> Release 13 | BA50: =WORKDAY(AZ50, 3, IndHolidays) -> #VALUE! | BB50: =VLOOKUP(AZ50,ReleaseTimeline!$B$2:$C$27,2,FALSE) -> 46198 | BC50: =WORKDAY(BB50, -5) -> 46191 | BD50: =(BB50 - P50) -> 41 | BF50: =(T50+Y50+AI50+AW50) -> 9
A51: 41 | B51: ExtendedField | C51: =VLOOKUP(B51,'Target Tech'!$C$7:$J$33,8,FALSE) -> Complete ASP | D51: Yes | E51: 0 | F51: 46150 | G51: 46150 | H51: page_6 | I51: Pod 1 | J51: Pod 1_Member3 | K51: =F51 -> 46150 | L51: 3 | M51: 0 | N51: 6 | O51: =WORKDAY(K51-1, L51+M51, IndHolidays) -> 46154 | P51: =WORKDAY(K51-1, L51+M51, IndHolidays) -> 46154 | Q51: =WORKDAY(K51-1, L51+M51, IndHolidays) -> 46154 | T51: 3 | U51: =WORKDAY(Q51, T51, IndHolidays) -> 46157 | V51: 1.5 | W51: =WORKDAY(U51, V51, IndHolidays) -> 46160 | X51: =WORKDAY(W51,0, IndHolidays) -> 46160 | Y51: 3 | Z51: =WORKDAY(X51, Y51, IndHolidays) -> 46163 | AA51: =WORKDAY(Z51, 0, IndHolidays) -> 46163 | AB51: =WORKDAY(AA51, 0, IndHolidays) -> 46163 | AC51: =WORKDAY(AB51, 1, IndHolidays) -> 46164 | AD51: =WORKDAY(AC51, 0, IndHolidays) -> 46164 | AF51: =WORKDAY(AD51, AE51, IndHolidays) -> 46164 | AG51: 2 | AH51: =WORKDAY(AF51, AG51, IndHolidays) -> 46168 | AI51: 3 | AJ51: =WORKDAY(AH51, AI51, IndHolidays) -> 46174 | AK51: =WORKDAY(AJ51, 0, IndHolidays) -> 46174 | AL51: =WORKDAY(AK51, 1, IndHolidays) -> 46176 | AM51: =WORKDAY(AL51, 0, IndHolidays) -> 46176 | AO51: =WORKDAY(AM51, AN51, IndHolidays) -> 46176 | AP51: =AO51 -> 46176 | AQ51: =AP51 -> 46176 | AR51: =WORKDAY(AQ51, 1, IndHolidays) -> 46177 | AT51: =WORKDAY(AR51, AS51, IndHolidays) -> 46177 | AU51: 0 | AV51: =WORKDAY(AT51, AU51, IndHolidays) -> 46177 | AW51: 0 | AX51: =WORKDAY(AV51, AW51, IndHolidays) -> 46177 | AY51: =_xlfn.MINIFS(ReleaseTimeline!$A$2:$A$27, ReleaseTimeline!$A$2:$A$27, ">="&(MAX(AX51,AO51))) -> 46177 | AZ51: =VLOOKUP(AY51,ReleaseTimeline!$A$1:$E$27,2,FALSE) -> Release 12 | BA51: =WORKDAY(AZ51, 3, IndHolidays) -> #VALUE! | BB51: =VLOOKUP(AZ51,ReleaseTimeline!$B$2:$C$27,2,FALSE) -> 46184 | BC51: =WORKDAY(BB51, -5) -> 46177 | BD51: =(BB51 - P51) -> 30 | BF51: =(T51+Y51+AI51+AW51) -> 9
A52: 42 | B52: ExtendedField | C52: =VLOOKUP(B52,'Target Tech'!$C$7:$J$33,8,FALSE) -> Complete ASP | D52: Yes | E52: 0 | F52: 46168 | G52: 46168 | H52: page_7 | I52: Pod 1 | J52: Pod 1_Member1 | K52: =F52 -> 46168 | L52: 3 | M52: 0 | N52: 7 | O52: =WORKDAY(K52-1, L52+M52, IndHolidays) -> 46171 | P52: =WORKDAY(K52-1, L52+M52, IndHolidays) -> 46171 | Q52: =WORKDAY(K52-1, L52+M52, IndHolidays) -> 46171 | T52: 3 | U52: =WORKDAY(Q52, T52, IndHolidays) -> 46177 | V52: 1.5 | W52: =WORKDAY(U52, V52, IndHolidays) -> 46178 | X52: =WORKDAY(W52,0, IndHolidays) -> 46178 | Y52: 3 | Z52: =WORKDAY(X52, Y52, IndHolidays) -> 46183 | AA52: =WORKDAY(Z52, 0, IndHolidays) -> 46183 | AB52: =WORKDAY(AA52, 0, IndHolidays) -> 46183 | AC52: =WORKDAY(AB52, 1, IndHolidays) -> 46184 | AD52: =WORKDAY(AC52, 0, IndHolidays) -> 46184 | AF52: =WORKDAY(AD52, AE52, IndHolidays) -> 46184 | AG52: 2 | AH52: =WORKDAY(AF52, AG52, IndHolidays) -> 46188 | AI52: 3 | AJ52: =WORKDAY(AH52, AI52, IndHolidays) -> 46191 | AK52: =WORKDAY(AJ52, 0, IndHolidays) -> 46191 | AL52: =WORKDAY(AK52, 1, IndHolidays) -> 46192 | AM52: =WORKDAY(AL52, 0, IndHolidays) -> 46192 | AO52: =WORKDAY(AM52, AN52, IndHolidays) -> 46192 | AP52: =AO52 -> 46192 | AQ52: =AP52 -> 46192 | AR52: =WORKDAY(AQ52, 1, IndHolidays) -> 46195 | AT52: =WORKDAY(AR52, AS52, IndHolidays) -> 46195 | AU52: 0 | AV52: =WORKDAY(AT52, AU52, IndHolidays) -> 46195 | AW52: 0 | AX52: =WORKDAY(AV52, AW52, IndHolidays) -> 46195 | AY52: =_xlfn.MINIFS(ReleaseTimeline!$A$2:$A$27, ReleaseTimeline!$A$2:$A$27, ">="&(MAX(AX52,AO52))) -> 46205 | AZ52: =VLOOKUP(AY52,ReleaseTimeline!$A$1:$E$27,2,FALSE) -> Release 14 | BA52: =WORKDAY(AZ52, 3, IndHolidays) -> #VALUE! | BB52: =VLOOKUP(AZ52,ReleaseTimeline!$B$2:$C$27,2,FALSE) -> 46212 | BC52: =WORKDAY(BB52, -5) -> 46205 | BD52: =(BB52 - P52) -> 41 | BF52: =(T52+Y52+AI52+AW52) -> 9
A53: 43 | B53: ExtendedField | C53: =VLOOKUP(B53,'Target Tech'!$C$7:$J$33,8,FALSE) -> Complete ASP | D53: Yes | E53: 0 | F53: 46160 | G53: 46160 | H53: page_8 | I53: Pod 1 | J53: Pod 1_Member2 | K53: =F53 -> 46160 | L53: 3 | M53: 0 | N53: 8 | O53: =WORKDAY(K53-1, L53+M53, IndHolidays) -> 46162 | P53: =WORKDAY(K53-1, L53+M53, IndHolidays) -> 46162 | Q53: =WORKDAY(K53-1, L53+M53, IndHolidays) -> 46162 | T53: 3 | U53: =WORKDAY(Q53, T53, IndHolidays) -> 46167 | V53: 1.5 | W53: =WORKDAY(U53, V53, IndHolidays) -> 46168 | X53: =WORKDAY(W53,0, IndHolidays) -> 46168 | Y53: 3 | Z53: =WORKDAY(X53, Y53, IndHolidays) -> 46174 | AA53: =WORKDAY(Z53, 0, IndHolidays) -> 46174 | AB53: =WORKDAY(AA53, 0, IndHolidays) -> 46174 | AC53: =WORKDAY(AB53, 1, IndHolidays) -> 46176 | AD53: =WORKDAY(AC53, 0, IndHolidays) -> 46176 | AE53: 3 | AF53: =WORKDAY(AD53, AE53, IndHolidays) -> 46181 | AG53: 2 | AH53: =WORKDAY(AF53, AG53, IndHolidays) -> 46183 | AI53: 3 | AJ53: =WORKDAY(AH53, AI53, IndHolidays) -> 46188 | AK53: =WORKDAY(AJ53, 0, IndHolidays) -> 46188 | AL53: =WORKDAY(AK53, 1, IndHolidays) -> 46189 | AM53: =WORKDAY(AL53, 0, IndHolidays) -> 46189 | AN53: 1 | AO53: =WORKDAY(AM53, AN53, IndHolidays) -> 46190 | AP53: =AO53 -> 46190 | AQ53: =AP53 -> 46190 | AR53: =WORKDAY(AQ53, 1, IndHolidays) -> 46191 | AS53: 3 | AT53: =WORKDAY(AR53, AS53, IndHolidays) -> 46196 | AU53: 0 | AV53: =WORKDAY(AT53, AU53, IndHolidays) -> 46196 | AW53: 0 | AX53: =WORKDAY(AV53, AW53, IndHolidays) -> 46196 | AY53: =_xlfn.MINIFS(ReleaseTimeline!$A$2:$A$27, ReleaseTimeline!$A$2:$A$27, ">="&(MAX(AX53,AO53))) -> 46205 | AZ53: =VLOOKUP(AY53,ReleaseTimeline!$A$1:$E$27,2,FALSE) -> Release 14 | BA53: =WORKDAY(AZ53, 3, IndHolidays) -> #VALUE! | BB53: =VLOOKUP(AZ53,ReleaseTimeline!$B$2:$C$27,2,FALSE) -> 46212 | BC53: =WORKDAY(BB53, -5) -> 46205 | BD53: =(BB53 - P53) -> 50 | BF53: =(T53+Y53+AI53+AW53) -> 9
A54: 44 | B54: GradeBook | C54: Complete ASP | D54: Yes | E54: 0 | F54: 46155 | G54: 46155 | H54: page_3 | I54: Pod 2 | J54: Pod 2_Member1 | K54: =F54 -> 46155 | L54: 3 | M54: 0 | N54: 1 | O54: =WORKDAY(K54-1, L54+M54, IndHolidays) -> 46157 | P54: =WORKDAY(K54-1, L54+M54, IndHolidays) -> 46157 | Q54: =WORKDAY(K54-1, L54+M54, IndHolidays) -> 46157 | T54: 3 | U54: =WORKDAY(Q54, T54, IndHolidays) -> 46162 | V54: 1.5 | W54: =WORKDAY(U54, V54, IndHolidays) -> 46163 | X54: =WORKDAY(W54,0, IndHolidays) -> 46163 | Y54: 3 | Z54: =WORKDAY(X54, Y54, IndHolidays) -> 46168 | AA54: =WORKDAY(Z54, 0, IndHolidays) -> 46168 | AB54: =WORKDAY(AA54, 0, IndHolidays) -> 46168 | AC54: =WORKDAY(AB54, 1, IndHolidays) -> 46169 | AD54: =WORKDAY(AC54, 0, IndHolidays) -> 46169 | AE54: 3 | AF54: =WORKDAY(AD54, AE54, IndHolidays) -> 46176 | AG54: 2 | AH54: =WORKDAY(AF54, AG54, IndHolidays) -> 46178 | AI54: 3 | AJ54: =WORKDAY(AH54, AI54, IndHolidays) -> 46183 | AK54: =WORKDAY(AJ54, 0, IndHolidays) -> 46183 | AL54: =WORKDAY(AK54, 1, IndHolidays) -> 46184 | AM54: =WORKDAY(AL54, 0, IndHolidays) -> 46184 | AN54: 1 | AO54: =WORKDAY(AM54, AN54, IndHolidays) -> 46185 | AP54: =AO54 -> 46185 | AQ54: =AP54 -> 46185 | AR54: =WORKDAY(AQ54, 1, IndHolidays) -> 46188 | AS54: 3 | AT54: =WORKDAY(AR54, AS54, IndHolidays) -> 46191 | AU54: 0 | AV54: =WORKDAY(AT54, AU54, IndHolidays) -> 46191 | AW54: 0 | AX54: =WORKDAY(AV54, AW54, IndHolidays) -> 46191 | AY54: =_xlfn.MINIFS(ReleaseTimeline!$A$2:$A$27, ReleaseTimeline!$A$2:$A$27, ">="&(MAX(AX54,AO54))) -> 46191 | AZ54: =VLOOKUP(AY54,ReleaseTimeline!$A$1:$E$27,2,FALSE) -> Release 13 | BA54: =WORKDAY(AZ54, 3, IndHolidays) -> #VALUE! | BB54: =VLOOKUP(AZ54,ReleaseTimeline!$B$2:$C$27,2,FALSE) -> 46198 | BC54: =WORKDAY(BB54, -5) -> 46191 | BD54: =(BB54 - P54) -> 41 | BF54: =(T54+Y54+AI54+AW54) -> 9
A55: 45 | B55: GradeBook | C55: Complete ASP | D55: Yes | E55: 0 | F55: 46147 | G55: 46147 | H55: page_4 | I55: Pod 2 | J55: Pod 2_Member2 | K55: =F55 -> 46147 | L55: 3 | M55: 0 | N55: 2 | O55: =WORKDAY(K55-1, L55+M55, IndHolidays) -> 46149 | P55: =WORKDAY(K55-1, L55+M55, IndHolidays) -> 46149 | Q55: =WORKDAY(K55-1, L55+M55, IndHolidays) -> 46149 | T55: 3 | U55: =WORKDAY(Q55, T55, IndHolidays) -> 46154 | V55: 1.5 | W55: =WORKDAY(U55, V55, IndHolidays) -> 46155 | X55: =WORKDAY(W55,0, IndHolidays) -> 46155 | Y55: 3 | Z55: =WORKDAY(X55, Y55, IndHolidays) -> 46160 | AA55: =WORKDAY(Z55, 0, IndHolidays) -> 46160 | AB55: =WORKDAY(AA55, 0, IndHolidays) -> 46160 | AC55: =WORKDAY(AB55, 1, IndHolidays) -> 46161 | AD55: =WORKDAY(AC55, 0, IndHolidays) -> 46161 | AE55: 3 | AF55: =WORKDAY(AD55, AE55, IndHolidays) -> 46164 | AG55: 2 | AH55: =WORKDAY(AF55, AG55, IndHolidays) -> 46168 | AI55: 3 | AJ55: =WORKDAY(AH55, AI55, IndHolidays) -> 46174 | AK55: =WORKDAY(AJ55, 0, IndHolidays) -> 46174 | AL55: =WORKDAY(AK55, 1, IndHolidays) -> 46176 | AM55: =WORKDAY(AL55, 0, IndHolidays) -> 46176 | AN55: 1 | AO55: =WORKDAY(AM55, AN55, IndHolidays) -> 46177 | AP55: =AO55 -> 46177 | AQ55: =AP55 -> 46177 | AR55: =WORKDAY(AQ55, 1, IndHolidays) -> 46178 | AS55: 3 | AT55: =WORKDAY(AR55, AS55, IndHolidays) -> 46183 | AU55: 1 | AV55: =WORKDAY(AT55, AU55, IndHolidays) -> 46184 | AW55: 3 | AX55: =WORKDAY(AV55, AW55, IndHolidays) -> 46189 | AY55: =_xlfn.MINIFS(ReleaseTimeline!$A$2:$A$27, ReleaseTimeline!$A$2:$A$27, ">="&(MAX(AX55,AO55))) -> 46191 | AZ55: =VLOOKUP(AY55,ReleaseTimeline!$A$1:$E$27,2,FALSE) -> Release 13 | BA55: =WORKDAY(AZ55, 3, IndHolidays) -> #VALUE! | BB55: =VLOOKUP(AZ55,ReleaseTimeline!$B$2:$C$27,2,FALSE) -> 46198 | BC55: =WORKDAY(BB55, -5) -> 46191 | BD55: =(BB55 - P55) -> 49 | BF55: =(T55+Y55+AI55+AW55) -> 12
A56: 46 | B56: Home | C56: =VLOOKUP(B56,'Target Tech'!$C$7:$J$33,8,FALSE) -> Complete ASP | D56: No | E56: 2 | F56: =WORKDAY(Q31,1) -> 46132 | G56: 46135 | H56: home\pages\enrollment.aspx.cs | I56: Pod 1 | J56: Amol | K56: =WORKDAY(F56,E56) -> 46134 | L56: 3 | M56: 0 | N56: 8787 | O56: =WORKDAY(K56-1, L56+M56, IndHolidays) -> 46136 | P56: =WORKDAY(K56-1, L56+M56, IndHolidays) -> 46136 | Q56: =WORKDAY(K56-1, L56+M56, IndHolidays) -> 46136 | S56: Clarifications still pending with pearson, however Dev is in progress | T56: 3 | U56: =WORKDAY(Q56, T56, IndHolidays) -> 46141 | V56: 1.5 | W56: =WORKDAY(U56, V56, IndHolidays) -> 46142 | X56: =WORKDAY(W56,0, IndHolidays) -> 46142 | Y56: 3 | Z56: =WORKDAY(X56, Y56, IndHolidays) -> 46148 | AA56: =WORKDAY(Z56, 0, IndHolidays) -> 46148 | AB56: =WORKDAY(AA56, 0, IndHolidays) -> 46148 | AC56: =WORKDAY(AB56, 1, IndHolidays) -> 46149 | AD56: =WORKDAY(AC56, 0, IndHolidays) -> 46149 | AF56: =WORKDAY(AD56, AE56, IndHolidays) -> 46149 | AG56: 2 | AH56: =WORKDAY(AF56, AG56, IndHolidays) -> 46153 | AI56: 3 | AJ56: =WORKDAY(AH56, AI56, IndHolidays) -> 46156 | AK56: =WORKDAY(AJ56, 0, IndHolidays) -> 46156 | AL56: =WORKDAY(AK56, 1, IndHolidays) -> 46157 | AM56: =WORKDAY(AL56, 0, IndHolidays) -> 46157 | AO56: =WORKDAY(AM56, AN56, IndHolidays) -> 46157 | AP56: =AO56 -> 46157 | AQ56: =AP56 -> 46157 | AR56: =WORKDAY(AQ56, 1, IndHolidays) -> 46160 | AT56: =WORKDAY(AR56, AS56, IndHolidays) -> 46160 | AU56: 0 | AV56: =WORKDAY(AT56, AU56, IndHolidays) -> 46160 | AW56: 0 | AX56: =WORKDAY(AV56, AW56, IndHolidays) -> 46160 | AY56: =_xlfn.MINIFS(ReleaseTimeline!$A$2:$A$27, ReleaseTimeline!$A$2:$A$27, ">="&(MAX(AX56,AO56))) -> 46163 | AZ56: =VLOOKUP(AY56,ReleaseTimeline!$A$1:$E$27,2,FALSE) -> Release 11 | BA56: =WORKDAY(AZ56, 3, IndHolidays) -> #VALUE! | BB56: =VLOOKUP(AZ56,ReleaseTimeline!$B$2:$C$27,2,FALSE) -> 46170 | BC56: =WORKDAY(BB56, -5) -> 46163 | BD56: =(BB56 - P56) -> 34 | BF56: =(T56+Y56+AI56+AW56) -> 9
A57: 47 | B57: Home | C57: =VLOOKUP(B57,'Target Tech'!$C$7:$J$33,8,FALSE) -> Complete ASP | D57: No | E57: 2 | F57: =WORKDAY(Q32,1) -> 46149 | G57: =WORKDAY(R32,1) -> 2 | H57: page_2 | I57: Pod 3 | J57: Pod 3_Member1 | K57: =WORKDAY(F57,E57) -> 46153 | L57: 3 | M57: 0 | N57: 2 | O57: =WORKDAY(K57-1, L57+M57, IndHolidays) -> 46155 | P57: =WORKDAY(K57-1, L57+M57, IndHolidays) -> 46155 | Q57: =WORKDAY(K57-1, L57+M57, IndHolidays) -> 46155 | T57: 3 | U57: =WORKDAY(Q57, T57, IndHolidays) -> 46160 | V57: 1.5 | W57: =WORKDAY(U57, V57, IndHolidays) -> 46161 | X57: =WORKDAY(W57,0, IndHolidays) -> 46161 | Y57: 3 | Z57: =WORKDAY(X57, Y57, IndHolidays) -> 46164 | AA57: =WORKDAY(Z57, 0, IndHolidays) -> 46164 | AB57: =WORKDAY(AA57, 0, IndHolidays) -> 46164 | AC57: =WORKDAY(AB57, 1, IndHolidays) -> 46167 | AD57: =WORKDAY(AC57, 0, IndHolidays) -> 46167 | AF57: =WORKDAY(AD57, AE57, IndHolidays) -> 46167 | AG57: 2 | AH57: =WORKDAY(AF57, AG57, IndHolidays) -> 46169 | AI57: 3 | AJ57: =WORKDAY(AH57, AI57, IndHolidays) -> 46176 | AK57: =WORKDAY(AJ57, 0, IndHolidays) -> 46176 | AL57: =WORKDAY(AK57, 1, IndHolidays) -> 46177 | AM57: =WORKDAY(AL57, 0, IndHolidays) -> 46177 | AO57: =WORKDAY(AM57, AN57, IndHolidays) -> 46177 | AP57: =AO57 -> 46177 | AQ57: =AP57 -> 46177 | AR57: =WORKDAY(AQ57, 1, IndHolidays) -> 46178 | AT57: =WORKDAY(AR57, AS57, IndHolidays) -> 46178 | AU57: 0 | AV57: =WORKDAY(AT57, AU57, IndHolidays) -> 46178 | AW57: 0 | AX57: =WORKDAY(AV57, AW57, IndHolidays) -> 46178 | AY57: =_xlfn.MINIFS(ReleaseTimeline!$A$2:$A$27, ReleaseTimeline!$A$2:$A$27, ">="&(MAX(AX57,AO57))) -> 46191 | AZ57: =VLOOKUP(AY57,ReleaseTimeline!$A$1:$E$27,2,FALSE) -> Release 13 | BA57: =WORKDAY(AZ57, 3, IndHolidays) -> #VALUE! | BB57: =VLOOKUP(AZ57,ReleaseTimeline!$B$2:$C$27,2,FALSE) -> 46198 | BC57: =WORKDAY(BB57, -5) -> 46191 | BD57: =(BB57 - P57) -> 43 | BF57: =(T57+Y57+AI57+AW57) -> 9
A58: 48 | B58: Home | C58: =VLOOKUP(B58,'Target Tech'!$C$7:$J$33,8,FALSE) -> Complete ASP | D58: No | E58: 2 | F58: =WORKDAY(Q30,1) -> 46149 | G58: 46135 | H58: home/pages/overdueLessons.aspx | I58: Pod 1 | J58: Rizwana | K58: =WORKDAY(F58,E58) -> 46153 | L58: 3 | M58: 0 | N58: 8769 | O58: =WORKDAY(K58-1, L58+M58, IndHolidays) -> 46155 | P58: =WORKDAY(K58-1, L58+M58, IndHolidays) -> 46155 | Q58: =WORKDAY(K58-1, L58+M58, IndHolidays) -> 46155 | S58: Clarifications still pending with pearson, however Dev is in progress | T58: 3 | U58: =WORKDAY(Q58, T58, IndHolidays) -> 46160 | V58: 1.5 | W58: =WORKDAY(U58, V58, IndHolidays) -> 46161 | X58: =WORKDAY(W58,0, IndHolidays) -> 46161 | Y58: 3 | Z58: =WORKDAY(X58, Y58, IndHolidays) -> 46164 | AA58: =WORKDAY(Z58, 0, IndHolidays) -> 46164 | AB58: =WORKDAY(AA58, 0, IndHolidays) -> 46164 | AC58: =WORKDAY(AB58, 1, IndHolidays) -> 46167 | AD58: =WORKDAY(AC58, 0, IndHolidays) -> 46167 | AF58: =WORKDAY(AD58, AE58, IndHolidays) -> 46167 | AG58: 2 | AH58: =WORKDAY(AF58, AG58, IndHolidays) -> 46169 | AI58: 3 | AJ58: =WORKDAY(AH58, AI58, IndHolidays) -> 46176 | AK58: =WORKDAY(AJ58, 0, IndHolidays) -> 46176 | AL58: =WORKDAY(AK58, 1, IndHolidays) -> 46177 | AM58: =WORKDAY(AL58, 0, IndHolidays) -> 46177 | AO58: =WORKDAY(AM58, AN58, IndHolidays) -> 46177 | AP58: =AO58 -> 46177 | AQ58: =AP58 -> 46177 | AR58: =WORKDAY(AQ58, 1, IndHolidays) -> 46178 | AT58: =WORKDAY(AR58, AS58, IndHolidays) -> 46178 | AU58: 0 | AV58: =WORKDAY(AT58, AU58, IndHolidays) -> 46178 | AW58: 0 | AX58: =WORKDAY(AV58, AW58, IndHolidays) -> 46178 | AY58: =_xlfn.MINIFS(ReleaseTimeline!$A$2:$A$27, ReleaseTimeline!$A$2:$A$27, ">="&(MAX(AX58,AO58))) -> 46191 | AZ58: =VLOOKUP(AY58,ReleaseTimeline!$A$1:$E$27,2,FALSE) -> Release 13 | BA58: =WORKDAY(AZ58, 3, IndHolidays) -> #VALUE! | BB58: =VLOOKUP(AZ58,ReleaseTimeline!$B$2:$C$27,2,FALSE) -> 46198 | BC58: =WORKDAY(BB58, -5) -> 46191 | BD58: =(BB58 - P58) -> 43 | BF58: =(T58+Y58+AI58+AW58) -> 9
A59: 49 | B59: Home | C59: =VLOOKUP(B59,'Target Tech'!$C$7:$J$33,8,FALSE) -> Complete ASP | D59: No | E59: 2 | F59: =WORKDAY(Q56,1) -> 46139 | G59: =WORKDAY(R56,1) -> 2 | H59: page_4 | I59: Pod 3 | J59: Pod 3_Member3 | K59: =WORKDAY(F59,E59) -> 46141 | L59: 3 | M59: 0 | N59: 4 | O59: =WORKDAY(K59-1, L59+M59, IndHolidays) -> 46146 | P59: =WORKDAY(K59-1, L59+M59, IndHolidays) -> 46146 | Q59: =WORKDAY(K59-1, L59+M59, IndHolidays) -> 46146 | T59: 3 | U59: =WORKDAY(Q59, T59, IndHolidays) -> 46149 | V59: 1.5 | W59: =WORKDAY(U59, V59, IndHolidays) -> 46150 | X59: =WORKDAY(W59,0, IndHolidays) -> 46150 | Y59: 3 | Z59: =WORKDAY(X59, Y59, IndHolidays) -> 46155 | AA59: =WORKDAY(Z59, 0, IndHolidays) -> 46155 | AB59: =WORKDAY(AA59, 0, IndHolidays) -> 46155 | AC59: =WORKDAY(AB59, 1, IndHolidays) -> 46156 | AD59: =WORKDAY(AC59, 0, IndHolidays) -> 46156 | AE59: 3 | AF59: =WORKDAY(AD59, AE59, IndHolidays) -> 46161 | AG59: 2 | AH59: =WORKDAY(AF59, AG59, IndHolidays) -> 46163 | AI59: 3 | AJ59: =WORKDAY(AH59, AI59, IndHolidays) -> 46168 | AK59: =WORKDAY(AJ59, 0, IndHolidays) -> 46168 | AL59: =WORKDAY(AK59, 1, IndHolidays) -> 46169 | AM59: =WORKDAY(AL59, 0, IndHolidays) -> 46169 | AN59: 1 | AO59: =WORKDAY(AM59, AN59, IndHolidays) -> 46171 | AP59: =AO59 -> 46171 | AQ59: =AP59 -> 46171 | AR59: =WORKDAY(AQ59, 1, IndHolidays) -> 46174 | AS59: 3 | AT59: =WORKDAY(AR59, AS59, IndHolidays) -> 46178 | AU59: 0 | AV59: =WORKDAY(AT59, AU59, IndHolidays) -> 46178 | AW59: 0 | AX59: =WORKDAY(AV59, AW59, IndHolidays) -> 46178 | AY59: =_xlfn.MINIFS(ReleaseTimeline!$A$2:$A$27, ReleaseTimeline!$A$2:$A$27, ">="&(MAX(AX59,AO59))) -> 46191 | AZ59: =VLOOKUP(AY59,ReleaseTimeline!$A$1:$E$27,2,FALSE) -> Release 13 | BA59: =WORKDAY(AZ59, 3, IndHolidays) -> #VALUE! | BB59: =VLOOKUP(AZ59,ReleaseTimeline!$B$2:$C$27,2,FALSE) -> 46198 | BC59: =WORKDAY(BB59, -5) -> 46191 | BD59: =(BB59 - P59) -> 52 | BE59: =(BB59-AZ59) -> #VALUE! | BF59: =(T59+Y59+AI59+AW59) -> 9 | BI59: =(BE59+BF59) -> #VALUE!
A60: 50 | B60: IssueAware | C60: =VLOOKUP(B60,'Target Tech'!$C$7:$J$33,8,FALSE) -> Complete ASP | D60: Yes | E60: 0 | F60: 46147 | G60: 46147 | H60: page_1 | I60: Pod 2 | J60: Pod 2_Member3 | K60: =F60 -> 46147 | L60: 3 | M60: 0 | N60: 1 | O60: =WORKDAY(K60-1, L60+M60, IndHolidays) -> 46149 | P60: =WORKDAY(K60-1, L60+M60, IndHolidays) -> 46149 | Q60: =WORKDAY(K60-1, L60+M60, IndHolidays) -> 46149 | T60: 3 | U60: =WORKDAY(Q60, T60, IndHolidays) -> 46154 | V60: 1.5 | W60: =WORKDAY(U60, V60, IndHolidays) -> 46155 | X60: =WORKDAY(W60,0, IndHolidays) -> 46155 | Y60: 3 | Z60: =WORKDAY(X60, Y60, IndHolidays) -> 46160 | AA60: =WORKDAY(Z60, 0, IndHolidays) -> 46160 | AB60: =WORKDAY(AA60, 0, IndHolidays) -> 46160 | AC60: =WORKDAY(AB60, 1, IndHolidays) -> 46161 | AD60: =WORKDAY(AC60, 0, IndHolidays) -> 46161 | AF60: =WORKDAY(AD60, AE60, IndHolidays) -> 46161 | AG60: 2 | AH60: =WORKDAY(AF60, AG60, IndHolidays) -> 46163 | AI60: 3 | AJ60: =WORKDAY(AH60, AI60, IndHolidays) -> 46168 | AK60: =WORKDAY(AJ60, 0, IndHolidays) -> 46168 | AL60: =WORKDAY(AK60, 1, IndHolidays) -> 46169 | AM60: =WORKDAY(AL60, 0, IndHolidays) -> 46169 | AO60: =WORKDAY(AM60, AN60, IndHolidays) -> 46169 | AP60: =AO60 -> 46169 | AQ60: =AP60 -> 46169 | AR60: =WORKDAY(AQ60, 1, IndHolidays) -> 46171 | AT60: =WORKDAY(AR60, AS60, IndHolidays) -> 46171 | AU60: 0 | AV60: =WORKDAY(AT60, AU60, IndHolidays) -> 46171 | AW60: 0 | AX60: =WORKDAY(AV60, AW60, IndHolidays) -> 46171 | AY60: =_xlfn.MINIFS(ReleaseTimeline!$A$2:$A$27, ReleaseTimeline!$A$2:$A$27, ">="&(MAX(AX60,AO60))) -> 46177 | AZ60: =VLOOKUP(AY60,ReleaseTimeline!$A$1:$E$27,2,FALSE) -> Release 12 | BA60: =WORKDAY(AZ60, 3, IndHolidays) -> #VALUE! | BB60: =VLOOKUP(AZ60,ReleaseTimeline!$B$2:$C$27,2,FALSE) -> 46184 | BC60: =WORKDAY(BB60, -5) -> 46177 | BD60: =(BB60 - P60) -> 35 | BF60: =(T60+Y60+AI60+AW60) -> 9
A61: 51 | B61: IssueAware | C61: =VLOOKUP(B61,'Target Tech'!$C$7:$J$33,8,FALSE) -> Complete ASP | D61: Yes | E61: 0 | F61: 46160 | G61: 46160 | H61: page_2 | I61: Pod 2 | J61: Pod 2_Member1 | K61: =F61 -> 46160 | L61: 3 | M61: 0 | N61: 2 | O61: =WORKDAY(K61-1, L61+M61, IndHolidays) -> 46162 | P61: =WORKDAY(K61-1, L61+M61, IndHolidays) -> 46162 | Q61: =WORKDAY(K61-1, L61+M61, IndHolidays) -> 46162 | T61: 3 | U61: =WORKDAY(Q61, T61, IndHolidays) -> 46167 | V61: 1.5 | W61: =WORKDAY(U61, V61, IndHolidays) -> 46168 | X61: =WORKDAY(W61,0, IndHolidays) -> 46168 | Y61: 3 | Z61: =WORKDAY(X61, Y61, IndHolidays) -> 46174 | AA61: =WORKDAY(Z61, 0, IndHolidays) -> 46174 | AB61: =WORKDAY(AA61, 0, IndHolidays) -> 46174 | AC61: =WORKDAY(AB61, 1, IndHolidays) -> 46176 | AD61: =WORKDAY(AC61, 0, IndHolidays) -> 46176 | AE61: 3 | AF61: =WORKDAY(AD61, AE61, IndHolidays) -> 46181 | AG61: 2 | AH61: =WORKDAY(AF61, AG61, IndHolidays) -> 46183 | AI61: 3 | AJ61: =WORKDAY(AH61, AI61, IndHolidays) -> 46188 | AK61: =WORKDAY(AJ61, 0, IndHolidays) -> 46188 | AL61: =WORKDAY(AK61, 1, IndHolidays) -> 46189 | AM61: =WORKDAY(AL61, 0, IndHolidays) -> 46189 | AN61: 1 | AO61: =WORKDAY(AM61, AN61, IndHolidays) -> 46190 | AP61: =AO61 -> 46190 | AQ61: =AP61 -> 46190 | AR61: =WORKDAY(AQ61, 1, IndHolidays) -> 46191 | AS61: 3 | AT61: =WORKDAY(AR61, AS61, IndHolidays) -> 46196 | AU61: 0 | AV61: =WORKDAY(AT61, AU61, IndHolidays) -> 46196 | AW61: 0 | AX61: =WORKDAY(AV61, AW61, IndHolidays) -> 46196 | AY61: =_xlfn.MINIFS(ReleaseTimeline!$A$2:$A$27, ReleaseTimeline!$A$2:$A$27, ">="&(MAX(AX61,AO61))) -> 46205 | AZ61: =VLOOKUP(AY61,ReleaseTimeline!$A$1:$E$27,2,FALSE) -> Release 14 | BA61: =WORKDAY(AZ61, 3, IndHolidays) -> #VALUE! | BB61: =VLOOKUP(AZ61,ReleaseTimeline!$B$2:$C$27,2,FALSE) -> 46212 | BC61: =WORKDAY(BB61, -5) -> 46205 | BD61: =(BB61 - P61) -> 50 | BF61: =(T61+Y61+AI61+AW61) -> 9
A62: 52 | B62: Library_Part 2 | C62: =VLOOKUP(B62,'Target Tech'!$C$7:$J$33,8,FALSE) -> #N/A | D62: Yes | E62: 0 | F62: 46141 | G62: 46135 | H62: library\category.aspx.cs | I62: Pod 3 | J62: Prem | K62: 46136 | L62: 3 | M62: 0 | N62: 1 | O62: =WORKDAY(K62-1, L62+M62, IndHolidays) -> 46140 | P62: =WORKDAY(K62-1, L62+M62, IndHolidays) -> 46140 | Q62: =WORKDAY(K62-1, L62+M62, IndHolidays) -> 46140 | S62: Expecting PR to be raised on 28th APR | T62: 3 | U62: =WORKDAY(Q62, T62, IndHolidays) -> 46146 | V62: 1.5 | W62: =WORKDAY(U62, V62, IndHolidays) -> 46147 | X62: =WORKDAY(W62,0, IndHolidays) -> 46147 | Y62: 3 | Z62: =WORKDAY(X62, Y62, IndHolidays) -> 46150 | AA62: =WORKDAY(Z62, 0, IndHolidays) -> 46150 | AB62: =WORKDAY(AA62, 0, IndHolidays) -> 46150 | AC62: =WORKDAY(AB62, 1, IndHolidays) -> 46153 | AD62: =WORKDAY(AC62, 0, IndHolidays) -> 46153 | AF62: =WORKDAY(AD62, AE62, IndHolidays) -> 46153 | AG62: 2 | AH62: =WORKDAY(AF62, AG62, IndHolidays) -> 46155 | AI62: 3 | AJ62: =WORKDAY(AH62, AI62, IndHolidays) -> 46160 | AK62: =WORKDAY(AJ62, 0, IndHolidays) -> 46160 | AL62: =WORKDAY(AK62, 1, IndHolidays) -> 46161 | AM62: =WORKDAY(AL62, 0, IndHolidays) -> 46161 | AO62: =WORKDAY(AM62, AN62, IndHolidays) -> 46161 | AP62: =AO62 -> 46161 | AQ62: =AP62 -> 46161 | AR62: =WORKDAY(AQ62, 1, IndHolidays) -> 46162 | AT62: =WORKDAY(AR62, AS62, IndHolidays) -> 46162 | AU62: 0 | AV62: =WORKDAY(AT62, AU62, IndHolidays) -> 46162 | AW62: 0 | AX62: =WORKDAY(AV62, AW62, IndHolidays) -> 46162 | AY62: =_xlfn.MINIFS(ReleaseTimeline!$A$2:$A$27, ReleaseTimeline!$A$2:$A$27, ">="&(MAX(AX62,AO62))) -> 46163 | AZ62: =VLOOKUP(AY62,ReleaseTimeline!$A$1:$E$27,2,FALSE) -> Release 11 | BA62: =WORKDAY(AZ62, 3, IndHolidays) -> #VALUE! | BB62: =VLOOKUP(AZ62,ReleaseTimeline!$B$2:$C$27,2,FALSE) -> 46170 | BC62: =WORKDAY(BB62, -5) -> 46163 | BD62: =(BB62 - P62) -> 30 | BF62: =(T62+Y62+AI62+AW62) -> 9
A63: 53 | B63: Library_Part 3 | C63: =VLOOKUP(B63,'Target Tech'!$C$7:$J$33,8,FALSE) -> #N/A | D63: Yes | E63: 0 | F63: 46136 | G63: 46146 | H63: library/searchResults.aspx | I63: Pod 3 | J63: Prem | K63: 46146 | L63: 3 | M63: 0 | N63: 2 | O63: =WORKDAY(K63-1, L63+M63, IndHolidays) -> 46148 | P63: =WORKDAY(K63-1, L63+M63, IndHolidays) -> 46148 | Q63: =WORKDAY(K63-1, L63+M63, IndHolidays) -> 46148 | T63: 3 | U63: =WORKDAY(Q63, T63, IndHolidays) -> 46153 | V63: 1.5 | W63: =WORKDAY(U63, V63, IndHolidays) -> 46154 | X63: =WORKDAY(W63,0, IndHolidays) -> 46154 | Y63: 3 | Z63: =WORKDAY(X63, Y63, IndHolidays) -> 46157 | AA63: =WORKDAY(Z63, 0, IndHolidays) -> 46157 | AB63: =WORKDAY(AA63, 0, IndHolidays) -> 46157 | AC63: =WORKDAY(AB63, 1, IndHolidays) -> 46160 | AD63: =WORKDAY(AC63, 0, IndHolidays) -> 46160 | AF63: =WORKDAY(AD63, AE63, IndHolidays) -> 46160 | AG63: 2 | AH63: =WORKDAY(AF63, AG63, IndHolidays) -> 46162 | AI63: 3 | AJ63: =WORKDAY(AH63, AI63, IndHolidays) -> 46167 | AK63: =WORKDAY(AJ63, 0, IndHolidays) -> 46167 | AL63: =WORKDAY(AK63, 1, IndHolidays) -> 46168 | AM63: =WORKDAY(AL63, 0, IndHolidays) -> 46168 | AO63: =WORKDAY(AM63, AN63, IndHolidays) -> 46168 | AP63: =AO63 -> 46168 | AQ63: =AP63 -> 46168 | AR63: =WORKDAY(AQ63, 1, IndHolidays) -> 46169 | AT63: =WORKDAY(AR63, AS63, IndHolidays) -> 46169 | AU63: 0 | AV63: =WORKDAY(AT63, AU63, IndHolidays) -> 46169 | AW63: 0 | AX63: =WORKDAY(AV63, AW63, IndHolidays) -> 46169 | AY63: =_xlfn.MINIFS(ReleaseTimeline!$A$2:$A$27, ReleaseTimeline!$A$2:$A$27, ">="&(MAX(AX63,AO63))) -> 46177 | AZ63: =VLOOKUP(AY63,ReleaseTimeline!$A$1:$E$27,2,FALSE) -> Release 12 | BA63: =WORKDAY(AZ63, 3, IndHolidays) -> #VALUE! | BB63: =VLOOKUP(AZ63,ReleaseTimeline!$B$2:$C$27,2,FALSE) -> 46184 | BC63: =WORKDAY(BB63, -5) -> 46177 | BD63: =(BB63 - P63) -> 36 | BF63: =(T63+Y63+AI63+AW63) -> 9
A64: 54 | B64: Library_Part 3 | C64: =VLOOKUP(B64,'Target Tech'!$C$7:$J$33,8,FALSE) -> #N/A | D64: Yes | E64: 0 | F64: 46141 | G64: 46146 | H64: library/resource.aspx | I64: Pod 3 | J64: Swarneem | K64: 46146 | L64: 3 | M64: 0 | N64: 3 | O64: =WORKDAY(K64-1, L64+M64, IndHolidays) -> 46148 | P64: =WORKDAY(K64-1, L64+M64, IndHolidays) -> 46148 | Q64: =WORKDAY(K64-1, L64+M64, IndHolidays) -> 46148 | T64: 3 | U64: =WORKDAY(Q64, T64, IndHolidays) -> 46153 | V64: 1.5 | W64: =WORKDAY(U64, V64, IndHolidays) -> 46154 | X64: =WORKDAY(W64,0, IndHolidays) -> 46154 | Y64: 3 | Z64: =WORKDAY(X64, Y64, IndHolidays) -> 46157 | AA64: =WORKDAY(Z64, 0, IndHolidays) -> 46157 | AB64: =WORKDAY(AA64, 0, IndHolidays) -> 46157 | AC64: =WORKDAY(AB64, 1, IndHolidays) -> 46160 | AD64: =WORKDAY(AC64, 0, IndHolidays) -> 46160 | AE64: 3 | AF64: =WORKDAY(AD64, AE64, IndHolidays) -> 46163 | AG64: 2 | AH64: =WORKDAY(AF64, AG64, IndHolidays) -> 46167 | AI64: 3 | AJ64: =WORKDAY(AH64, AI64, IndHolidays) -> 46171 | AK64: =WORKDAY(AJ64, 0, IndHolidays) -> 46171 | AL64: =WORKDAY(AK64, 1, IndHolidays) -> 46174 | AM64: =WORKDAY(AL64, 0, IndHolidays) -> 46174 | AN64: 1 | AO64: =WORKDAY(AM64, AN64, IndHolidays) -> 46176 | AP64: =AO64 -> 46176 | AQ64: =AP64 -> 46176 | AR64: =WORKDAY(AQ64, 1, IndHolidays) -> 46177 | AS64: 3 | AT64: =WORKDAY(AR64, AS64, IndHolidays) -> 46182 | AU64: 0 | AV64: =WORKDAY(AT64, AU64, IndHolidays) -> 46182 | AW64: 0 | AX64: =WORKDAY(AV64, AW64, IndHolidays) -> 46182 | AY64: =_xlfn.MINIFS(ReleaseTimeline!$A$2:$A$27, ReleaseTimeline!$A$2:$A$27, ">="&(MAX(AX64,AO64))) -> 46191 | AZ64: =VLOOKUP(AY64,ReleaseTimeline!$A$1:$E$27,2,FALSE) -> Release 13 | BA64: =WORKDAY(AZ64, 3, IndHolidays) -> #VALUE! | BB64: =VLOOKUP(AZ64,ReleaseTimeline!$B$2:$C$27,2,FALSE) -> 46198 | BC64: =WORKDAY(BB64, -5) -> 46191 | BD64: =(BB64 - P64) -> 50 | BF64: =(T64+Y64+AI64+AW64) -> 9
A65: 55 | B65: LMU | C65: =VLOOKUP(B65,'Target Tech'!$C$7:$J$33,8,FALSE) -> React/ASP | D65: Yes | E65: 0 | F65: 46150 | G65: 46150 | H65: page_2 | I65: Pod 2 | J65: Pod 2_Member2 | K65: =F65 -> 46150 | L65: 3 | M65: 0 | N65: 2 | O65: =WORKDAY(K65-1, L65+M65, IndHolidays) -> 46154 | P65: =WORKDAY(K65-1, L65+M65, IndHolidays) -> 46154 | Q65: =WORKDAY(K65-1, L65+M65, IndHolidays) -> 46154 | T65: 3 | U65: =WORKDAY(Q65, T65, IndHolidays) -> 46157 | V65: 1.5 | W65: =WORKDAY(U65, V65, IndHolidays) -> 46160 | X65: =WORKDAY(W65,0, IndHolidays) -> 46160 | Y65: 3 | Z65: =WORKDAY(X65, Y65, IndHolidays) -> 46163 | AA65: =WORKDAY(Z65, 0, IndHolidays) -> 46163 | AB65: =WORKDAY(AA65, 0, IndHolidays) -> 46163 | AC65: =WORKDAY(AB65, 1, IndHolidays) -> 46164 | AD65: =WORKDAY(AC65, 0, IndHolidays) -> 46164 | AE65: 3 | AF65: =WORKDAY(AD65, AE65, IndHolidays) -> 46169 | AG65: 2 | AH65: =WORKDAY(AF65, AG65, IndHolidays) -> 46174 | AI65: 3 | AJ65: =WORKDAY(AH65, AI65, IndHolidays) -> 46178 | AK65: =WORKDAY(AJ65, 0, IndHolidays) -> 46178 | AL65: =WORKDAY(AK65, 1, IndHolidays) -> 46181 | AM65: =WORKDAY(AL65, 0, IndHolidays) -> 46181 | AN65: 1 | AO65: =WORKDAY(AM65, AN65, IndHolidays) -> 46182 | AP65: =AO65 -> 46182 | AQ65: =AP65 -> 46182 | AR65: =WORKDAY(AQ65, 1, IndHolidays) -> 46183 | AS65: 3 | AT65: =WORKDAY(AR65, AS65, IndHolidays) -> 46188 | AU65: 0 | AV65: =WORKDAY(AT65, AU65, IndHolidays) -> 46188 | AW65: 0 | AX65: =WORKDAY(AV65, AW65, IndHolidays) -> 46188 | AY65: =_xlfn.MINIFS(ReleaseTimeline!$A$2:$A$27, ReleaseTimeline!$A$2:$A$27, ">="&(MAX(AX65,AO65))) -> 46191 | AZ65: =VLOOKUP(AY65,ReleaseTimeline!$A$1:$E$27,2,FALSE) -> Release 13 | BA65: =WORKDAY(AZ65, 3, IndHolidays) -> #VALUE! | BB65: =VLOOKUP(AZ65,ReleaseTimeline!$B$2:$C$27,2,FALSE) -> 46198 | BC65: =WORKDAY(BB65, -5) -> 46191 | BD65: =(BB65 - P65) -> 44 | BF65: =(T65+Y65+AI65+AW65) -> 9
A66: 55 | B66: LMU | C66: =VLOOKUP(B66,'Target Tech'!$C$7:$J$33,8,FALSE) -> React/ASP | D66: Yes | E66: 0 | F66: 46150 | G66: 46150 | H66: page_2 | I66: Pod UI | J66: Pod UI_UI-Member1 | K66: =F66 -> 46150 | L66: 5 | M66: 0 | N66: 2 | O66: =WORKDAY(K66-1, L66+M66, IndHolidays) -> 46156 | P66: =WORKDAY(K66-1, L66+M66, IndHolidays) -> 46156 | Q66: =WORKDAY(K66-1, L66+M66, IndHolidays) -> 46156 | T66: 3 | U66: =WORKDAY(Q66, T66, IndHolidays) -> 46161 | V66: 1.5 | W66: =WORKDAY(U66, V66, IndHolidays) -> 46162 | X66: =WORKDAY(W66,0, IndHolidays) -> 46162 | Y66: 3 | Z66: =WORKDAY(X66, Y66, IndHolidays) -> 46167 | AA66: =WORKDAY(Z66, 0, IndHolidays) -> 46167 | AB66: =WORKDAY(AA66, 0, IndHolidays) -> 46167 | AC66: =WORKDAY(AB66, 1, IndHolidays) -> 46168 | AD66: =WORKDAY(AC66, 0, IndHolidays) -> 46168 | AE66: 3 | AF66: =WORKDAY(AD66, AE66, IndHolidays) -> 46174 | AG66: 2 | AH66: =WORKDAY(AF66, AG66, IndHolidays) -> 46177 | AI66: 3 | AJ66: =WORKDAY(AH66, AI66, IndHolidays) -> 46182 | AK66: =WORKDAY(AJ66, 0, IndHolidays) -> 46182 | AL66: =WORKDAY(AK66, 1, IndHolidays) -> 46183 | AM66: =WORKDAY(AL66, 0, IndHolidays) -> 46183 | AN66: 1 | AO66: =WORKDAY(AM66, AN66, IndHolidays) -> 46184 | AP66: =AO66 -> 46184 | AQ66: =AP66 -> 46184 | AR66: =WORKDAY(AQ66, 1, IndHolidays) -> 46185 | AS66: 3 | AT66: =WORKDAY(AR66, AS66, IndHolidays) -> 46190 | AU66: 0 | AV66: =WORKDAY(AT66, AU66, IndHolidays) -> 46190 | AW66: 0 | AX66: =WORKDAY(AV66, AW66, IndHolidays) -> 46190 | AY66: =_xlfn.MINIFS(ReleaseTimeline!$A$2:$A$27, ReleaseTimeline!$A$2:$A$27, ">="&(MAX(AX66,AO66))) -> 46191 | AZ66: =VLOOKUP(AY66,ReleaseTimeline!$A$1:$E$27,2,FALSE) -> Release 13 | BA66: =WORKDAY(AZ66, 3, IndHolidays) -> #VALUE! | BB66: =VLOOKUP(AZ66,ReleaseTimeline!$B$2:$C$27,2,FALSE) -> 46198 | BC66: =WORKDAY(BB66, -5) -> 46191 | BD66: =(BB66 - P66) -> 42 | BF66: =(T66+Y66+AI66+AW66) -> 9
A67: 56 | B67: LMU | C67: =VLOOKUP(B67,'Target Tech'!$C$7:$J$33,8,FALSE) -> React/ASP | D67: Yes | E67: 0 | F67: 46150 | G67: 46150 | H67: page_3 | I67: Pod 2 | J67: Pod 2_Member3 | K67: =F67 -> 46150 | L67: 3 | M67: 0 | N67: 3 | O67: =WORKDAY(K67-1, L67+M67, IndHolidays) -> 46154 | P67: =WORKDAY(K67-1, L67+M67, IndHolidays) -> 46154 | Q67: =WORKDAY(K67-1, L67+M67, IndHolidays) -> 46154 | T67: 3 | U67: =WORKDAY(Q67, T67, IndHolidays) -> 46157 | V67: 1.5 | W67: =WORKDAY(U67, V67, IndHolidays) -> 46160 | X67: =WORKDAY(W67,0, IndHolidays) -> 46160 | Y67: 3 | Z67: =WORKDAY(X67, Y67, IndHolidays) -> 46163 | AA67: =WORKDAY(Z67, 0, IndHolidays) -> 46163 | AB67: =WORKDAY(AA67, 0, IndHolidays) -> 46163 | AC67: =WORKDAY(AB67, 1, IndHolidays) -> 46164 | AD67: =WORKDAY(AC67, 0, IndHolidays) -> 46164 | AF67: =WORKDAY(AD67, AE67, IndHolidays) -> 46164 | AG67: 2 | AH67: =WORKDAY(AF67, AG67, IndHolidays) -> 46168 | AI67: 3 | AJ67: =WORKDAY(AH67, AI67, IndHolidays) -> 46174 | AK67: =WORKDAY(AJ67, 0, IndHolidays) -> 46174 | AL67: =WORKDAY(AK67, 1, IndHolidays) -> 46176 | AM67: =WORKDAY(AL67, 0, IndHolidays) -> 46176 | AO67: =WORKDAY(AM67, AN67, IndHolidays) -> 46176 | AP67: =AO67 -> 46176 | AQ67: =AP67 -> 46176 | AR67: =WORKDAY(AQ67, 1, IndHolidays) -> 46177 | AT67: =WORKDAY(AR67, AS67, IndHolidays) -> 46177 | AU67: 0 | AV67: =WORKDAY(AT67, AU67, IndHolidays) -> 46177 | AW67: 0 | AX67: =WORKDAY(AV67, AW67, IndHolidays) -> 46177 | AY67: =_xlfn.MINIFS(ReleaseTimeline!$A$2:$A$27, ReleaseTimeline!$A$2:$A$27, ">="&(MAX(AX67,AO67))) -> 46177 | AZ67: =VLOOKUP(AY67,ReleaseTimeline!$A$1:$E$27,2,FALSE) -> Release 12 | BA67: =WORKDAY(AZ67, 3, IndHolidays) -> #VALUE! | BB67: =VLOOKUP(AZ67,ReleaseTimeline!$B$2:$C$27,2,FALSE) -> 46184 | BC67: =WORKDAY(BB67, -5) -> 46177 | BD67: =(BB67 - P67) -> 30 | BE67: =(BB67-AZ67) -> #VALUE! | BF67: =(T67+Y67+AI67+AW67) -> 9
A68: 56 | B68: LMU | C68: =VLOOKUP(B68,'Target Tech'!$C$7:$J$33,8,FALSE) -> React/ASP | D68: Yes | E68: 0 | F68: 46150 | G68: 46150 | H68: page_3 | I68: Pod UI | J68: Pod UI_UI-Member2 | K68: =F68 -> 46150 | L68: 5 | M68: 0 | N68: 3 | O68: =WORKDAY(K68-1, L68+M68, IndHolidays) -> 46156 | P68: =WORKDAY(K68-1, L68+M68, IndHolidays) -> 46156 | Q68: =WORKDAY(K68-1, L68+M68, IndHolidays) -> 46156 | T68: 3 | U68: =WORKDAY(Q68, T68, IndHolidays) -> 46161 | V68: 1.5 | W68: =WORKDAY(U68, V68, IndHolidays) -> 46162 | X68: =WORKDAY(W68,0, IndHolidays) -> 46162 | Y68: 3 | Z68: =WORKDAY(X68, Y68, IndHolidays) -> 46167 | AA68: =WORKDAY(Z68, 0, IndHolidays) -> 46167 | AB68: =WORKDAY(AA68, 0, IndHolidays) -> 46167 | AC68: =WORKDAY(AB68, 1, IndHolidays) -> 46168 | AD68: =WORKDAY(AC68, 0, IndHolidays) -> 46168 | AF68: =WORKDAY(AD68, AE68, IndHolidays) -> 46168 | AG68: 2 | AH68: =WORKDAY(AF68, AG68, IndHolidays) -> 46171 | AI68: 3 | AJ68: =WORKDAY(AH68, AI68, IndHolidays) -> 46177 | AK68: =WORKDAY(AJ68, 0, IndHolidays) -> 46177 | AL68: =WORKDAY(AK68, 1, IndHolidays) -> 46178 | AM68: =WORKDAY(AL68, 0, IndHolidays) -> 46178 | AO68: =WORKDAY(AM68, AN68, IndHolidays) -> 46178 | AP68: =AO68 -> 46178 | AQ68: =AP68 -> 46178 | AR68: =WORKDAY(AQ68, 1, IndHolidays) -> 46181 | AT68: =WORKDAY(AR68, AS68, IndHolidays) -> 46181 | AU68: 0 | AV68: =WORKDAY(AT68, AU68, IndHolidays) -> 46181 | AW68: 0 | AX68: =WORKDAY(AV68, AW68, IndHolidays) -> 46181 | AY68: =_xlfn.MINIFS(ReleaseTimeline!$A$2:$A$27, ReleaseTimeline!$A$2:$A$27, ">="&(MAX(AX68,AO68))) -> 46191 | AZ68: =VLOOKUP(AY68,ReleaseTimeline!$A$1:$E$27,2,FALSE) -> Release 13 | BA68: =WORKDAY(AZ68, 3, IndHolidays) -> #VALUE! | BB68: =VLOOKUP(AZ68,ReleaseTimeline!$B$2:$C$27,2,FALSE) -> 46198 | BC68: =WORKDAY(BB68, -5) -> 46191 | BD68: =(BB68 - P68) -> 42 | BE68: =(BB68-AZ68) -> #VALUE! | BF68: =(T68+Y68+AI68+AW68) -> 9
A69: 57 | B69: LMU | C69: =VLOOKUP(B69,'Target Tech'!$C$7:$J$33,8,FALSE) -> React/ASP | D69: Yes | E69: 0 | F69: 46163 | G69: 46163 | H69: page_1 | I69: Pod 2 | J69: Pod 2_Member1 | K69: =F69 -> 46163 | L69: 3 | M69: 0 | N69: 1 | O69: =WORKDAY(K69-1, L69+M69, IndHolidays) -> 46167 | P69: =WORKDAY(K69-1, L69+M69, IndHolidays) -> 46167 | Q69: =WORKDAY(K69-1, L69+M69, IndHolidays) -> 46167 | T69: 3 | U69: =WORKDAY(Q69, T69, IndHolidays) -> 46171 | V69: 1.5 | W69: =WORKDAY(U69, V69, IndHolidays) -> 46174 | X69: =WORKDAY(W69,0, IndHolidays) -> 46174 | Y69: 3 | Z69: =WORKDAY(X69, Y69, IndHolidays) -> 46178 | AA69: =WORKDAY(Z69, 0, IndHolidays) -> 46178 | AB69: =WORKDAY(AA69, 0, IndHolidays) -> 46178 | AC69: =WORKDAY(AB69, 1, IndHolidays) -> 46181 | AD69: =WORKDAY(AC69, 0, IndHolidays) -> 46181 | AE69: 3 | AF69: =WORKDAY(AD69, AE69, IndHolidays) -> 46184 | AG69: 2 | AH69: =WORKDAY(AF69, AG69, IndHolidays) -> 46188 | AI69: 3 | AJ69: =WORKDAY(AH69, AI69, IndHolidays) -> 46191 | AK69: =WORKDAY(AJ69, 0, IndHolidays) -> 46191 | AL69: =WORKDAY(AK69, 1, IndHolidays) -> 46192 | AM69: =WORKDAY(AL69, 0, IndHolidays) -> 46192 | AN69: 1 | AO69: =WORKDAY(AM69, AN69, IndHolidays) -> 46195 | AP69: =AO69 -> 46195 | AQ69: =AP69 -> 46195 | AR69: =WORKDAY(AQ69, 1, IndHolidays) -> 46196 | AS69: 3 | AT69: =WORKDAY(AR69, AS69, IndHolidays) -> 46202 | AU69: 0 | AV69: =WORKDAY(AT69, AU69, IndHolidays) -> 46202 | AW69: 0 | AX69: =WORKDAY(AV69, AW69, IndHolidays) -> 46202 | AY69: =_xlfn.MINIFS(ReleaseTimeline!$A$2:$A$27, ReleaseTimeline!$A$2:$A$27, ">="&(MAX(AX69,AO69))) -> 46205 | AZ69: =VLOOKUP(AY69,ReleaseTimeline!$A$1:$E$27,2,FALSE) -> Release 14 | BA69: =WORKDAY(AZ69, 3, IndHolidays) -> #VALUE! | BB69: =VLOOKUP(AZ69,ReleaseTimeline!$B$2:$C$27,2,FALSE) -> 46212 | BC69: =WORKDAY(BB69, -5) -> 46205 | BD69: =(BB69 - P69) -> 45 | BF69: =(T69+Y69+AI69+AW69) -> 9
A70: 56 | B70: LMU | C70: =VLOOKUP(B70,'Target Tech'!$C$7:$J$33,8,FALSE) -> React/ASP | D70: Yes | E70: 0 | F70: 46150 | G70: 46150 | H70: page_3 | I70: Pod UI | J70: Pod UI_UI-Member3 | K70: =F70 -> 46150 | L70: 5 | M70: 0 | N70: 3 | O70: =WORKDAY(K70-1, L70+M70, IndHolidays) -> 46156 | P70: =WORKDAY(K70-1, L70+M70, IndHolidays) -> 46156 | Q70: =WORKDAY(K70-1, L70+M70, IndHolidays) -> 46156 | T70: 3 | U70: =WORKDAY(Q70, T70, IndHolidays) -> 46161 | V70: 1.5 | W70: =WORKDAY(U70, V70, IndHolidays) -> 46162 | X70: =WORKDAY(W70,0, IndHolidays) -> 46162 | Y70: 3 | Z70: =WORKDAY(X70, Y70, IndHolidays) -> 46167 | AA70: =WORKDAY(Z70, 0, IndHolidays) -> 46167 | AB70: =WORKDAY(AA70, 0, IndHolidays) -> 46167 | AC70: =WORKDAY(AB70, 1, IndHolidays) -> 46168 | AD70: =WORKDAY(AC70, 0, IndHolidays) -> 46168 | AF70: =WORKDAY(AD70, AE70, IndHolidays) -> 46168 | AG70: 2 | AH70: =WORKDAY(AF70, AG70, IndHolidays) -> 46171 | AI70: 3 | AJ70: =WORKDAY(AH70, AI70, IndHolidays) -> 46177 | AK70: =WORKDAY(AJ70, 0, IndHolidays) -> 46177 | AL70: =WORKDAY(AK70, 1, IndHolidays) -> 46178 | AM70: =WORKDAY(AL70, 0, IndHolidays) -> 46178 | AO70: =WORKDAY(AM70, AN70, IndHolidays) -> 46178 | AP70: =AO70 -> 46178 | AQ70: =AP70 -> 46178 | AR70: =WORKDAY(AQ70, 1, IndHolidays) -> 46181 | AT70: =WORKDAY(AR70, AS70, IndHolidays) -> 46181 | AU70: 0 | AV70: =WORKDAY(AT70, AU70, IndHolidays) -> 46181 | AW70: 0 | AX70: =WORKDAY(AV70, AW70, IndHolidays) -> 46181 | AY70: =_xlfn.MINIFS(ReleaseTimeline!$A$2:$A$27, ReleaseTimeline!$A$2:$A$27, ">="&(MAX(AX70,AO70))) -> 46191 | AZ70: =VLOOKUP(AY70,ReleaseTimeline!$A$1:$E$27,2,FALSE) -> Release 13 | BA70: =WORKDAY(AZ70, 3, IndHolidays) -> #VALUE! | BB70: =VLOOKUP(AZ70,ReleaseTimeline!$B$2:$C$27,2,FALSE) -> 46198 | BC70: =WORKDAY(BB70, -5) -> 46191 | BD70: =(BB70 - P70) -> 42 | BE70: =(BB70-AZ70) -> #VALUE! | BF70: =(T70+Y70+AI70+AW70) -> 9
A71: 58 | B71: LMU | C71: =VLOOKUP(B71,'Target Tech'!$C$7:$J$33,8,FALSE) -> React/ASP | D71: Yes | E71: 0 | F71: 46155 | G71: 46155 | H71: page_5 | I71: Pod 2 | J71: Pod 2_Member2 | K71: =F71 -> 46155 | L71: 3 | M71: 0 | N71: 5 | O71: =WORKDAY(K71-1, L71+M71, IndHolidays) -> 46157 | P71: =WORKDAY(K71-1, L71+M71, IndHolidays) -> 46157 | Q71: =WORKDAY(K71-1, L71+M71, IndHolidays) -> 46157 | T71: 3 | U71: =WORKDAY(Q71, T71, IndHolidays) -> 46162 | V71: 1.5 | W71: =WORKDAY(U71, V71, IndHolidays) -> 46163 | X71: =WORKDAY(W71,0, IndHolidays) -> 46163 | Y71: 3 | Z71: =WORKDAY(X71, Y71, IndHolidays) -> 46168 | AA71: =WORKDAY(Z71, 0, IndHolidays) -> 46168 | AB71: =WORKDAY(AA71, 0, IndHolidays) -> 46168 | AC71: =WORKDAY(AB71, 1, IndHolidays) -> 46169 | AD71: =WORKDAY(AC71, 0, IndHolidays) -> 46169 | AF71: =WORKDAY(AD71, AE71, IndHolidays) -> 46169 | AG71: 2 | AH71: =WORKDAY(AF71, AG71, IndHolidays) -> 46174 | AI71: 3 | AJ71: =WORKDAY(AH71, AI71, IndHolidays) -> 46178 | AK71: =WORKDAY(AJ71, 0, IndHolidays) -> 46178 | AL71: =WORKDAY(AK71, 1, IndHolidays) -> 46181 | AM71: =WORKDAY(AL71, 0, IndHolidays) -> 46181 | AO71: =WORKDAY(AM71, AN71, IndHolidays) -> 46181 | AP71: =AO71 -> 46181 | AQ71: =AP71 -> 46181 | AR71: =WORKDAY(AQ71, 1, IndHolidays) -> 46182 | AT71: =WORKDAY(AR71, AS71, IndHolidays) -> 46182 | AU71: 0 | AV71: =WORKDAY(AT71, AU71, IndHolidays) -> 46182 | AW71: 0 | AX71: =WORKDAY(AV71, AW71, IndHolidays) -> 46182 | AY71: =_xlfn.MINIFS(ReleaseTimeline!$A$2:$A$27, ReleaseTimeline!$A$2:$A$27, ">="&(MAX(AX71,AO71))) -> 46191 | AZ71: =VLOOKUP(AY71,ReleaseTimeline!$A$1:$E$27,2,FALSE) -> Release 13 | BA71: =WORKDAY(AZ71, 3, IndHolidays) -> #VALUE! | BB71: =VLOOKUP(AZ71,ReleaseTimeline!$B$2:$C$27,2,FALSE) -> 46198 | BC71: =WORKDAY(BB71, -5) -> 46191 | BD71: =(BB71 - P71) -> 41 | BF71: =(T71+Y71+AI71+AW71) -> 9
A72: 58 | B72: LMU | C72: =VLOOKUP(B72,'Target Tech'!$C$7:$J$33,8,FALSE) -> React/ASP | D72: Yes | E72: 0 | F72: 46155 | G72: 46155 | H72: page_5 | I72: Pod UI | J72: Pod UI_UI-Member4 | K72: =F72 -> 46155 | L72: 5 | M72: 0 | N72: 5 | O72: =WORKDAY(K72-1, L72+M72, IndHolidays) -> 46161 | P72: =WORKDAY(K72-1, L72+M72, IndHolidays) -> 46161 | Q72: =WORKDAY(K72-1, L72+M72, IndHolidays) -> 46161 | T72: 3 | U72: =WORKDAY(Q72, T72, IndHolidays) -> 46164 | V72: 1.5 | W72: =WORKDAY(U72, V72, IndHolidays) -> 46167 | X72: =WORKDAY(W72,0, IndHolidays) -> 46167 | Y72: 3 | Z72: =WORKDAY(X72, Y72, IndHolidays) -> 46171 | AA72: =WORKDAY(Z72, 0, IndHolidays) -> 46171 | AB72: =WORKDAY(AA72, 0, IndHolidays) -> 46171 | AC72: =WORKDAY(AB72, 1, IndHolidays) -> 46174 | AD72: =WORKDAY(AC72, 0, IndHolidays) -> 46174 | AF72: =WORKDAY(AD72, AE72, IndHolidays) -> 46174 | AG72: 2 | AH72: =WORKDAY(AF72, AG72, IndHolidays) -> 46177 | AI72: 3 | AJ72: =WORKDAY(AH72, AI72, IndHolidays) -> 46182 | AK72: =WORKDAY(AJ72, 0, IndHolidays) -> 46182 | AL72: =WORKDAY(AK72, 1, IndHolidays) -> 46183 | AM72: =WORKDAY(AL72, 0, IndHolidays) -> 46183 | AO72: =WORKDAY(AM72, AN72, IndHolidays) -> 46183 | AP72: =AO72 -> 46183 | AQ72: =AP72 -> 46183 | AR72: =WORKDAY(AQ72, 1, IndHolidays) -> 46184 | AT72: =WORKDAY(AR72, AS72, IndHolidays) -> 46184 | AU72: 0 | AV72: =WORKDAY(AT72, AU72, IndHolidays) -> 46184 | AW72: 0 | AX72: =WORKDAY(AV72, AW72, IndHolidays) -> 46184 | AY72: =_xlfn.MINIFS(ReleaseTimeline!$A$2:$A$27, ReleaseTimeline!$A$2:$A$27, ">="&(MAX(AX72,AO72))) -> 46191 | AZ72: =VLOOKUP(AY72,ReleaseTimeline!$A$1:$E$27,2,FALSE) -> Release 13 | BA72: =WORKDAY(AZ72, 3, IndHolidays) -> #VALUE! | BB72: =VLOOKUP(AZ72,ReleaseTimeline!$B$2:$C$27,2,FALSE) -> 46198 | BC72: =WORKDAY(BB72, -5) -> 46191 | BD72: =(BB72 - P72) -> 37 | BF72: =(T72+Y72+AI72+AW72) -> 9
A73: 59 | B73: LMU | C73: =VLOOKUP(B73,'Target Tech'!$C$7:$J$33,8,FALSE) -> React/ASP | D73: Yes | E73: 0 | F73: 46155 | G73: 46155 | H73: page_6 | I73: Pod 2 | J73: Pod 2_Member3 | K73: =F73 -> 46155 | L73: 3 | M73: 0 | N73: 6 | O73: =WORKDAY(K73-1, L73+M73, IndHolidays) -> 46157 | P73: =WORKDAY(K73-1, L73+M73, IndHolidays) -> 46157 | Q73: =WORKDAY(K73-1, L73+M73, IndHolidays) -> 46157 | T73: 3 | U73: =WORKDAY(Q73, T73, IndHolidays) -> 46162 | V73: 1.5 | W73: =WORKDAY(U73, V73, IndHolidays) -> 46163 | X73: =WORKDAY(W73,0, IndHolidays) -> 46163 | Y73: 3 | Z73: =WORKDAY(X73, Y73, IndHolidays) -> 46168 | AA73: =WORKDAY(Z73, 0, IndHolidays) -> 46168 | AB73: =WORKDAY(AA73, 0, IndHolidays) -> 46168 | AC73: =WORKDAY(AB73, 1, IndHolidays) -> 46169 | AD73: =WORKDAY(AC73, 0, IndHolidays) -> 46169 | AE73: 3 | AF73: =WORKDAY(AD73, AE73, IndHolidays) -> 46176 | AG73: 2 | AH73: =WORKDAY(AF73, AG73, IndHolidays) -> 46178 | AI73: 3 | AJ73: =WORKDAY(AH73, AI73, IndHolidays) -> 46183 | AK73: =WORKDAY(AJ73, 0, IndHolidays) -> 46183 | AL73: =WORKDAY(AK73, 1, IndHolidays) -> 46184 | AM73: =WORKDAY(AL73, 0, IndHolidays) -> 46184 | AN73: 1 | AO73: =WORKDAY(AM73, AN73, IndHolidays) -> 46185 | AP73: =AO73 -> 46185 | AQ73: =AP73 -> 46185 | AR73: =WORKDAY(AQ73, 1, IndHolidays) -> 46188 | AS73: 3 | AT73: =WORKDAY(AR73, AS73, IndHolidays) -> 46191 | AU73: 0 | AV73: =WORKDAY(AT73, AU73, IndHolidays) -> 46191 | AW73: 0 | AX73: =WORKDAY(AV73, AW73, IndHolidays) -> 46191 | AY73: =_xlfn.MINIFS(ReleaseTimeline!$A$2:$A$27, ReleaseTimeline!$A$2:$A$27, ">="&(MAX(AX73,AO73))) -> 46191 | AZ73: =VLOOKUP(AY73,ReleaseTimeline!$A$1:$E$27,2,FALSE) -> Release 13 | BA73: =WORKDAY(AZ73, 3, IndHolidays) -> #VALUE! | BB73: =VLOOKUP(AZ73,ReleaseTimeline!$B$2:$C$27,2,FALSE) -> 46198 | BC73: =WORKDAY(BB73, -5) -> 46191 | BD73: =(BB73 - P73) -> 41 | BE73: =(BB73-AZ73) -> #VALUE! | BF73: =(T73+Y73+AI73+AW73) -> 9 | BI73: =(BE73+BF73) -> #VALUE!
A74: 58 | B74: LMU | C74: =VLOOKUP(B74,'Target Tech'!$C$7:$J$33,8,FALSE) -> React/ASP | D74: Yes | E74: 0 | F74: 46155 | G74: 46155 | H74: page_5 | I74: Pod UI | J74: Pod UI_UI-Member5 | K74: =F74 -> 46155 | L74: 5 | M74: 0 | N74: 5 | O74: =WORKDAY(K74-1, L74+M74, IndHolidays) -> 46161 | P74: =WORKDAY(K74-1, L74+M74, IndHolidays) -> 46161 | Q74: =WORKDAY(K74-1, L74+M74, IndHolidays) -> 46161 | T74: 3 | U74: =WORKDAY(Q74, T74, IndHolidays) -> 46164 | V74: 1.5 | W74: =WORKDAY(U74, V74, IndHolidays) -> 46167 | X74: =WORKDAY(W74,0, IndHolidays) -> 46167 | Y74: 3 | Z74: =WORKDAY(X74, Y74, IndHolidays) -> 46171 | AA74: =WORKDAY(Z74, 0, IndHolidays) -> 46171 | AB74: =WORKDAY(AA74, 0, IndHolidays) -> 46171 | AC74: =WORKDAY(AB74, 1, IndHolidays) -> 46174 | AD74: =WORKDAY(AC74, 0, IndHolidays) -> 46174 | AF74: =WORKDAY(AD74, AE74, IndHolidays) -> 46174 | AG74: 2 | AH74: =WORKDAY(AF74, AG74, IndHolidays) -> 46177 | AI74: 3 | AJ74: =WORKDAY(AH74, AI74, IndHolidays) -> 46182 | AK74: =WORKDAY(AJ74, 0, IndHolidays) -> 46182 | AL74: =WORKDAY(AK74, 1, IndHolidays) -> 46183 | AM74: =WORKDAY(AL74, 0, IndHolidays) -> 46183 | AO74: =WORKDAY(AM74, AN74, IndHolidays) -> 46183 | AP74: =AO74 -> 46183 | AQ74: =AP74 -> 46183 | AR74: =WORKDAY(AQ74, 1, IndHolidays) -> 46184 | AT74: =WORKDAY(AR74, AS74, IndHolidays) -> 46184 | AU74: 0 | AV74: =WORKDAY(AT74, AU74, IndHolidays) -> 46184 | AW74: 0 | AX74: =WORKDAY(AV74, AW74, IndHolidays) -> 46184 | AY74: =_xlfn.MINIFS(ReleaseTimeline!$A$2:$A$27, ReleaseTimeline!$A$2:$A$27, ">="&(MAX(AX74,AO74))) -> 46191 | AZ74: =VLOOKUP(AY74,ReleaseTimeline!$A$1:$E$27,2,FALSE) -> Release 13 | BA74: =WORKDAY(AZ74, 3, IndHolidays) -> #VALUE! | BB74: =VLOOKUP(AZ74,ReleaseTimeline!$B$2:$C$27,2,FALSE) -> 46198 | BC74: =WORKDAY(BB74, -5) -> 46191 | BD74: =(BB74 - P74) -> 37 | BF74: =(T74+Y74+AI74+AW74) -> 9
A75: 58 | B75: LMU | C75: =VLOOKUP(B75,'Target Tech'!$C$7:$J$33,8,FALSE) -> React/ASP | D75: Yes | E75: 0 | F75: 46162 | G75: 46162 | H75: page_5 | I75: Pod UI | J75: Pod UI_Integration | K75: =F75 -> 46162 | L75: 5 | M75: 0 | N75: 5 | O75: =WORKDAY(K75-1, L75+M75, IndHolidays) -> 46168 | P75: =WORKDAY(K75-1, L75+M75, IndHolidays) -> 46168 | Q75: =WORKDAY(K75-1, L75+M75, IndHolidays) -> 46168 | T75: 3 | U75: =WORKDAY(Q75, T75, IndHolidays) -> 46174 | V75: 1.5 | W75: =WORKDAY(U75, V75, IndHolidays) -> 46176 | X75: =WORKDAY(W75,0, IndHolidays) -> 46176 | Y75: 3 | Z75: =WORKDAY(X75, Y75, IndHolidays) -> 46181 | AA75: =WORKDAY(Z75, 0, IndHolidays) -> 46181 | AB75: =WORKDAY(AA75, 0, IndHolidays) -> 46181 | AC75: =WORKDAY(AB75, 1, IndHolidays) -> 46182 | AD75: =WORKDAY(AC75, 0, IndHolidays) -> 46182 | AF75: =WORKDAY(AD75, AE75, IndHolidays) -> 46182 | AG75: 2 | AH75: =WORKDAY(AF75, AG75, IndHolidays) -> 46184 | AI75: 3 | AJ75: =WORKDAY(AH75, AI75, IndHolidays) -> 46189 | AK75: =WORKDAY(AJ75, 0, IndHolidays) -> 46189 | AL75: =WORKDAY(AK75, 1, IndHolidays) -> 46190 | AM75: =WORKDAY(AL75, 0, IndHolidays) -> 46190 | AO75: =WORKDAY(AM75, AN75, IndHolidays) -> 46190 | AP75: =AO75 -> 46190 | AQ75: =AP75 -> 46190 | AR75: =WORKDAY(AQ75, 1, IndHolidays) -> 46191 | AT75: =WORKDAY(AR75, AS75, IndHolidays) -> 46191 | AU75: 0 | AV75: =WORKDAY(AT75, AU75, IndHolidays) -> 46191 | AW75: 0 | AX75: =WORKDAY(AV75, AW75, IndHolidays) -> 46191 | AY75: =_xlfn.MINIFS(ReleaseTimeline!$A$2:$A$27, ReleaseTimeline!$A$2:$A$27, ">="&(MAX(AX75,AO75))) -> 46191 | AZ75: =VLOOKUP(AY75,ReleaseTimeline!$A$1:$E$27,2,FALSE) -> Release 13 | BA75: =WORKDAY(AZ75, 3, IndHolidays) -> #VALUE! | BB75: =VLOOKUP(AZ75,ReleaseTimeline!$B$2:$C$27,2,FALSE) -> 46198 | BC75: =WORKDAY(BB75, -5) -> 46191 | BD75: =(BB75 - P75) -> 30 | BF75: =(T75+Y75+AI75+AW75) -> 9
A76: 60 | B76: LMU | C76: Complete ASP | D76: Yes | E76: 0 | F76: 46168 | G76: 46168 | H76: page_4 | I76: Pod 2 | J76: Pod 2_Member1 | K76: =F76 -> 46168 | L76: 3 | M76: 0 | N76: 4 | O76: =WORKDAY(K76-1, L76+M76, IndHolidays) -> 46171 | P76: =WORKDAY(K76-1, L76+M76, IndHolidays) -> 46171 | Q76: =WORKDAY(K76-1, L76+M76, IndHolidays) -> 46171 | T76: 3 | U76: =WORKDAY(Q76, T76, IndHolidays) -> 46177 | V76: 1.5 | W76: =WORKDAY(U76, V76, IndHolidays) -> 46178 | X76: =WORKDAY(W76,0, IndHolidays) -> 46178 | Y76: 3 | Z76: =WORKDAY(X76, Y76, IndHolidays) -> 46183 | AA76: =WORKDAY(Z76, 0, IndHolidays) -> 46183 | AB76: =WORKDAY(AA76, 0, IndHolidays) -> 46183 | AC76: =WORKDAY(AB76, 1, IndHolidays) -> 46184 | AD76: =WORKDAY(AC76, 0, IndHolidays) -> 46184 | AF76: =WORKDAY(AD76, AE76, IndHolidays) -> 46184 | AG76: 2 | AH76: =WORKDAY(AF76, AG76, IndHolidays) -> 46188 | AI76: 3 | AJ76: =WORKDAY(AH76, AI76, IndHolidays) -> 46191 | AK76: =WORKDAY(AJ76, 0, IndHolidays) -> 46191 | AL76: =WORKDAY(AK76, 1, IndHolidays) -> 46192 | AM76: =WORKDAY(AL76, 0, IndHolidays) -> 46192 | AO76: =WORKDAY(AM76, AN76, IndHolidays) -> 46192 | AP76: =AO76 -> 46192 | AQ76: =AP76 -> 46192 | AR76: =WORKDAY(AQ76, 1, IndHolidays) -> 46195 | AT76: =WORKDAY(AR76, AS76, IndHolidays) -> 46195 | AU76: 0 | AV76: =WORKDAY(AT76, AU76, IndHolidays) -> 46195 | AW76: 0 | AX76: =WORKDAY(AV76, AW76, IndHolidays) -> 46195 | AY76: =_xlfn.MINIFS(ReleaseTimeline!$A$2:$A$27, ReleaseTimeline!$A$2:$A$27, ">="&(MAX(AX76,AO76))) -> 46205 | AZ76: =VLOOKUP(AY76,ReleaseTimeline!$A$1:$E$27,2,FALSE) -> Release 14 | BA76: =WORKDAY(AZ76, 3, IndHolidays) -> #VALUE! | BB76: =VLOOKUP(AZ76,ReleaseTimeline!$B$2:$C$27,2,FALSE) -> 46212 | BC76: =WORKDAY(BB76, -5) -> 46205 | BD76: =(BB76 - P76) -> 41 | BF76: =(T76+Y76+AI76+AW76) -> 9
A77: 61 | B77: LMU | C77: Complete ASP | D77: Yes | E77: 0 | F77: 46160 | G77: 46160 | H77: page_8 | I77: Pod 2 | J77: Pod 2_Member2 | K77: =F77 -> 46160 | L77: 3 | M77: 0 | N77: 8 | O77: =WORKDAY(K77-1, L77+M77, IndHolidays) -> 46162 | P77: =WORKDAY(K77-1, L77+M77, IndHolidays) -> 46162 | Q77: =WORKDAY(K77-1, L77+M77, IndHolidays) -> 46162 | T77: 3 | U77: =WORKDAY(Q77, T77, IndHolidays) -> 46167 | V77: 1.5 | W77: =WORKDAY(U77, V77, IndHolidays) -> 46168 | X77: =WORKDAY(W77,0, IndHolidays) -> 46168 | Y77: 3 | Z77: =WORKDAY(X77, Y77, IndHolidays) -> 46174 | AA77: =WORKDAY(Z77, 0, IndHolidays) -> 46174 | AB77: =WORKDAY(AA77, 0, IndHolidays) -> 46174 | AC77: =WORKDAY(AB77, 1, IndHolidays) -> 46176 | AD77: =WORKDAY(AC77, 0, IndHolidays) -> 46176 | AE77: 3 | AF77: =WORKDAY(AD77, AE77, IndHolidays) -> 46181 | AG77: 2 | AH77: =WORKDAY(AF77, AG77, IndHolidays) -> 46183 | AI77: 3 | AJ77: =WORKDAY(AH77, AI77, IndHolidays) -> 46188 | AK77: =WORKDAY(AJ77, 0, IndHolidays) -> 46188 | AL77: =WORKDAY(AK77, 1, IndHolidays) -> 46189 | AM77: =WORKDAY(AL77, 0, IndHolidays) -> 46189 | AN77: 1 | AO77: =WORKDAY(AM77, AN77, IndHolidays) -> 46190 | AP77: =AO77 -> 46190 | AQ77: =AP77 -> 46190 | AR77: =WORKDAY(AQ77, 1, IndHolidays) -> 46191 | AS77: 3 | AT77: =WORKDAY(AR77, AS77, IndHolidays) -> 46196 | AU77: 0 | AV77: =WORKDAY(AT77, AU77, IndHolidays) -> 46196 | AW77: 0 | AX77: =WORKDAY(AV77, AW77, IndHolidays) -> 46196 | AY77: =_xlfn.MINIFS(ReleaseTimeline!$A$2:$A$27, ReleaseTimeline!$A$2:$A$27, ">="&(MAX(AX77,AO77))) -> 46205 | AZ77: =VLOOKUP(AY77,ReleaseTimeline!$A$1:$E$27,2,FALSE) -> Release 14 | BA77: =WORKDAY(AZ77, 3, IndHolidays) -> #VALUE! | BB77: =VLOOKUP(AZ77,ReleaseTimeline!$B$2:$C$27,2,FALSE) -> 46212 | BC77: =WORKDAY(BB77, -5) -> 46205 | BD77: =(BB77 - P77) -> 50 | BF77: =(T77+Y77+AI77+AW77) -> 9
A78: 62 | B78: LMU | C78: Complete ASP | D78: Yes | E78: 0 | F78: 46160 | G78: 46160 | H78: page_9 | I78: Pod 2 | J78: Pod 2_Member3 | K78: =F78 -> 46160 | L78: 3 | M78: 0 | N78: 9 | O78: =WORKDAY(K78-1, L78+M78, IndHolidays) -> 46162 | P78: =WORKDAY(K78-1, L78+M78, IndHolidays) -> 46162 | Q78: =WORKDAY(K78-1, L78+M78, IndHolidays) -> 46162 | T78: 3 | U78: =WORKDAY(Q78, T78, IndHolidays) -> 46167 | V78: 1.5 | W78: =WORKDAY(U78, V78, IndHolidays) -> 46168 | X78: =WORKDAY(W78,0, IndHolidays) -> 46168 | Y78: 3 | Z78: =WORKDAY(X78, Y78, IndHolidays) -> 46174 | AA78: =WORKDAY(Z78, 0, IndHolidays) -> 46174 | AB78: =WORKDAY(AA78, 0, IndHolidays) -> 46174 | AC78: =WORKDAY(AB78, 1, IndHolidays) -> 46176 | AD78: =WORKDAY(AC78, 0, IndHolidays) -> 46176 | AF78: =WORKDAY(AD78, AE78, IndHolidays) -> 46176 | AG78: 2 | AH78: =WORKDAY(AF78, AG78, IndHolidays) -> 46178 | AI78: 3 | AJ78: =WORKDAY(AH78, AI78, IndHolidays) -> 46183 | AK78: =WORKDAY(AJ78, 0, IndHolidays) -> 46183 | AL78: =WORKDAY(AK78, 1, IndHolidays) -> 46184 | AM78: =WORKDAY(AL78, 0, IndHolidays) -> 46184 | AO78: =WORKDAY(AM78, AN78, IndHolidays) -> 46184 | AP78: =AO78 -> 46184 | AQ78: =AP78 -> 46184 | AR78: =WORKDAY(AQ78, 1, IndHolidays) -> 46185 | AT78: =WORKDAY(AR78, AS78, IndHolidays) -> 46185 | AU78: 0 | AV78: =WORKDAY(AT78, AU78, IndHolidays) -> 46185 | AW78: 0 | AX78: =WORKDAY(AV78, AW78, IndHolidays) -> 46185 | AY78: =_xlfn.MINIFS(ReleaseTimeline!$A$2:$A$27, ReleaseTimeline!$A$2:$A$27, ">="&(MAX(AX78,AO78))) -> 46191 | AZ78: =VLOOKUP(AY78,ReleaseTimeline!$A$1:$E$27,2,FALSE) -> Release 13 | BA78: =WORKDAY(AZ78, 3, IndHolidays) -> #VALUE! | BB78: =VLOOKUP(AZ78,ReleaseTimeline!$B$2:$C$27,2,FALSE) -> 46198 | BC78: =WORKDAY(BB78, -5) -> 46191 | BD78: =(BB78 - P78) -> 36 | BF78: =(T78+Y78+AI78+AW78) -> 9
A79: 63 | B79: LMU | C79: Complete ASP | D79: Yes | E79: 0 | F79: 46174 | G79: 46174 | H79: page_7 | I79: Pod 2 | J79: Pod 2_Member1 | K79: =F79 -> 46174 | L79: 3 | M79: 0 | N79: 7 | O79: =WORKDAY(K79-1, L79+M79, IndHolidays) -> 46177 | P79: =WORKDAY(K79-1, L79+M79, IndHolidays) -> 46177 | Q79: =WORKDAY(K79-1, L79+M79, IndHolidays) -> 46177 | T79: 3 | U79: =WORKDAY(Q79, T79, IndHolidays) -> 46182 | V79: 1.5 | W79: =WORKDAY(U79, V79, IndHolidays) -> 46183 | X79: =WORKDAY(W79,0, IndHolidays) -> 46183 | Y79: 3 | Z79: =WORKDAY(X79, Y79, IndHolidays) -> 46188 | AA79: =WORKDAY(Z79, 0, IndHolidays) -> 46188 | AB79: =WORKDAY(AA79, 0, IndHolidays) -> 46188 | AC79: =WORKDAY(AB79, 1, IndHolidays) -> 46189 | AD79: =WORKDAY(AC79, 0, IndHolidays) -> 46189 | AE79: 3 | AF79: =WORKDAY(AD79, AE79, IndHolidays) -> 46192 | AG79: 2 | AH79: =WORKDAY(AF79, AG79, IndHolidays) -> 46196 | AI79: 3 | AJ79: =WORKDAY(AH79, AI79, IndHolidays) -> 46202 | AK79: =WORKDAY(AJ79, 0, IndHolidays) -> 46202 | AL79: =WORKDAY(AK79, 1, IndHolidays) -> 46203 | AM79: =WORKDAY(AL79, 0, IndHolidays) -> 46203 | AN79: 1 | AO79: =WORKDAY(AM79, AN79, IndHolidays) -> 46204 | AP79: =AO79 -> 46204 | AQ79: =AP79 -> 46204 | AR79: =WORKDAY(AQ79, 1, IndHolidays) -> 46205 | AS79: 3 | AT79: =WORKDAY(AR79, AS79, IndHolidays) -> 46211 | AU79: 0 | AV79: =WORKDAY(AT79, AU79, IndHolidays) -> 46211 | AW79: 0 | AX79: =WORKDAY(AV79, AW79, IndHolidays) -> 46211 | AY79: =_xlfn.MINIFS(ReleaseTimeline!$A$2:$A$27, ReleaseTimeline!$A$2:$A$27, ">="&(MAX(AX79,AO79))) -> 46219 | AZ79: =VLOOKUP(AY79,ReleaseTimeline!$A$1:$E$27,2,FALSE) -> Release 15 | BA79: =WORKDAY(AZ79, 3, IndHolidays) -> #VALUE! | BB79: =VLOOKUP(AZ79,ReleaseTimeline!$B$2:$C$27,2,FALSE) -> 46226 | BC79: =WORKDAY(BB79, -5) -> 46219 | BD79: =(BB79 - P79) -> 49 | BF79: =(T79+Y79+AI79+AW79) -> 9
A80: 64 | B80: LMU | C80: Complete ASP | D80: Yes | E80: 0 | F80: 46163 | G80: 46163 | H80: page_11 | I80: Pod 2 | J80: Pod 2_Member2 | K80: =F80 -> 46163 | L80: 3 | M80: 0 | N80: 11 | O80: =WORKDAY(K80-1, L80+M80, IndHolidays) -> 46167 | P80: =WORKDAY(K80-1, L80+M80, IndHolidays) -> 46167 | Q80: =WORKDAY(K80-1, L80+M80, IndHolidays) -> 46167 | T80: 3 | U80: =WORKDAY(Q80, T80, IndHolidays) -> 46171 | V80: 1.5 | W80: =WORKDAY(U80, V80, IndHolidays) -> 46174 | X80: =WORKDAY(W80,0, IndHolidays) -> 46174 | Y80: 3 | Z80: =WORKDAY(X80, Y80, IndHolidays) -> 46178 | AA80: =WORKDAY(Z80, 0, IndHolidays) -> 46178 | AB80: =WORKDAY(AA80, 0, IndHolidays) -> 46178 | AC80: =WORKDAY(AB80, 1, IndHolidays) -> 46181 | AD80: =WORKDAY(AC80, 0, IndHolidays) -> 46181 | AF80: =WORKDAY(AD80, AE80, IndHolidays) -> 46181 | AG80: 2 | AH80: =WORKDAY(AF80, AG80, IndHolidays) -> 46183 | AI80: 3 | AJ80: =WORKDAY(AH80, AI80, IndHolidays) -> 46188 | AK80: =WORKDAY(AJ80, 0, IndHolidays) -> 46188 | AL80: =WORKDAY(AK80, 1, IndHolidays) -> 46189 | AM80: =WORKDAY(AL80, 0, IndHolidays) -> 46189 | AO80: =WORKDAY(AM80, AN80, IndHolidays) -> 46189 | AP80: =AO80 -> 46189 | AQ80: =AP80 -> 46189 | AR80: =WORKDAY(AQ80, 1, IndHolidays) -> 46190 | AT80: =WORKDAY(AR80, AS80, IndHolidays) -> 46190 | AU80: 0 | AV80: =WORKDAY(AT80, AU80, IndHolidays) -> 46190 | AW80: 0 | AX80: =WORKDAY(AV80, AW80, IndHolidays) -> 46190 | AY80: =_xlfn.MINIFS(ReleaseTimeline!$A$2:$A$27, ReleaseTimeline!$A$2:$A$27, ">="&(MAX(AX80,AO80))) -> 46191 | AZ80: =VLOOKUP(AY80,ReleaseTimeline!$A$1:$E$27,2,FALSE) -> Release 13 | BA80: =WORKDAY(AZ80, 3, IndHolidays) -> #VALUE! | BB80: =VLOOKUP(AZ80,ReleaseTimeline!$B$2:$C$27,2,FALSE) -> 46198 | BC80: =WORKDAY(BB80, -5) -> 46191 | BD80: =(BB80 - P80) -> 31 | BF80: =(T80+Y80+AI80+AW80) -> 9
A81: 65 | B81: LMU | C81: Complete ASP | D81: Yes | E81: 0 | F81: 46163 | G81: 46163 | H81: page_12 | I81: Pod 2 | J81: Pod 2_Member3 | K81: =F81 -> 46163 | L81: 3 | M81: 0 | N81: 12 | O81: =WORKDAY(K81-1, L81+M81, IndHolidays) -> 46167 | P81: =WORKDAY(K81-1, L81+M81, IndHolidays) -> 46167 | Q81: =WORKDAY(K81-1, L81+M81, IndHolidays) -> 46167 | T81: 3 | U81: =WORKDAY(Q81, T81, IndHolidays) -> 46171 | V81: 1.5 | W81: =WORKDAY(U81, V81, IndHolidays) -> 46174 | X81: =WORKDAY(W81,0, IndHolidays) -> 46174 | Y81: 3 | Z81: =WORKDAY(X81, Y81, IndHolidays) -> 46178 | AA81: =WORKDAY(Z81, 0, IndHolidays) -> 46178 | AB81: =WORKDAY(AA81, 0, IndHolidays) -> 46178 | AC81: =WORKDAY(AB81, 1, IndHolidays) -> 46181 | AD81: =WORKDAY(AC81, 0, IndHolidays) -> 46181 | AE81: 3 | AF81: =WORKDAY(AD81, AE81, IndHolidays) -> 46184 | AG81: 2 | AH81: =WORKDAY(AF81, AG81, IndHolidays) -> 46188 | AI81: 3 | AJ81: =WORKDAY(AH81, AI81, IndHolidays) -> 46191 | AK81: =WORKDAY(AJ81, 0, IndHolidays) -> 46191 | AL81: =WORKDAY(AK81, 1, IndHolidays) -> 46192 | AM81: =WORKDAY(AL81, 0, IndHolidays) -> 46192 | AN81: 1 | AO81: =WORKDAY(AM81, AN81, IndHolidays) -> 46195 | AP81: =AO81 -> 46195 | AQ81: =AP81 -> 46195 | AR81: =WORKDAY(AQ81, 1, IndHolidays) -> 46196 | AS81: 3 | AT81: =WORKDAY(AR81, AS81, IndHolidays) -> 46202 | AU81: 0 | AV81: =WORKDAY(AT81, AU81, IndHolidays) -> 46202 | AW81: 0 | AX81: =WORKDAY(AV81, AW81, IndHolidays) -> 46202 | AY81: =_xlfn.MINIFS(ReleaseTimeline!$A$2:$A$27, ReleaseTimeline!$A$2:$A$27, ">="&(MAX(AX81,AO81))) -> 46205 | AZ81: =VLOOKUP(AY81,ReleaseTimeline!$A$1:$E$27,2,FALSE) -> Release 14 | BA81: =WORKDAY(AZ81, 3, IndHolidays) -> #VALUE! | BB81: =VLOOKUP(AZ81,ReleaseTimeline!$B$2:$C$27,2,FALSE) -> 46212 | BC81: =WORKDAY(BB81, -5) -> 46205 | BD81: =(BB81 - P81) -> 45 | BF81: =(T81+Y81+AI81+AW81) -> 9
A82: 66 | B82: LMU | C82: Complete ASP | D82: Yes | E82: 0 | F82: 46178 | G82: 46178 | H82: page_10 | I82: Pod 2 | J82: Pod 2_Member1 | K82: =F82 -> 46178 | L82: 3 | M82: 0 | N82: 10 | O82: =WORKDAY(K82-1, L82+M82, IndHolidays) -> 46182 | P82: =WORKDAY(K82-1, L82+M82, IndHolidays) -> 46182 | Q82: =WORKDAY(K82-1, L82+M82, IndHolidays) -> 46182 | T82: 3 | U82: =WORKDAY(Q82, T82, IndHolidays) -> 46185 | V82: 1.5 | W82: =WORKDAY(U82, V82, IndHolidays) -> 46188 | X82: =WORKDAY(W82,0, IndHolidays) -> 46188 | Y82: 3 | Z82: =WORKDAY(X82, Y82, IndHolidays) -> 46191 | AA82: =WORKDAY(Z82, 0, IndHolidays) -> 46191 | AB82: =WORKDAY(AA82, 0, IndHolidays) -> 46191 | AC82: =WORKDAY(AB82, 1, IndHolidays) -> 46192 | AD82: =WORKDAY(AC82, 0, IndHolidays) -> 46192 | AF82: =WORKDAY(AD82, AE82, IndHolidays) -> 46192 | AG82: 2 | AH82: =WORKDAY(AF82, AG82, IndHolidays) -> 46196 | AI82: 3 | AJ82: =WORKDAY(AH82, AI82, IndHolidays) -> 46202 | AK82: =WORKDAY(AJ82, 0, IndHolidays) -> 46202 | AL82: =WORKDAY(AK82, 1, IndHolidays) -> 46203 | AM82: =WORKDAY(AL82, 0, IndHolidays) -> 46203 | AO82: =WORKDAY(AM82, AN82, IndHolidays) -> 46203 | AP82: =AO82 -> 46203 | AQ82: =AP82 -> 46203 | AR82: =WORKDAY(AQ82, 1, IndHolidays) -> 46204 | AT82: =WORKDAY(AR82, AS82, IndHolidays) -> 46204 | AU82: 0 | AV82: =WORKDAY(AT82, AU82, IndHolidays) -> 46204 | AW82: 0 | AX82: =WORKDAY(AV82, AW82, IndHolidays) -> 46204 | AY82: =_xlfn.MINIFS(ReleaseTimeline!$A$2:$A$27, ReleaseTimeline!$A$2:$A$27, ">="&(MAX(AX82,AO82))) -> 46205 | AZ82: =VLOOKUP(AY82,ReleaseTimeline!$A$1:$E$27,2,FALSE) -> Release 14 | BA82: =WORKDAY(AZ82, 3, IndHolidays) -> #VALUE! | BB82: =VLOOKUP(AZ82,ReleaseTimeline!$B$2:$C$27,2,FALSE) -> 46212 | BC82: =WORKDAY(BB82, -5) -> 46205 | BD82: =(BB82 - P82) -> 30 | BF82: =(T82+Y82+AI82+AW82) -> 9
A83: 67 | B83: LMU | C83: Complete ASP | D83: Yes | E83: 0 | F83: 46168 | G83: 46168 | H83: page_14 | I83: Pod 2 | J83: Pod 2_Member2 | K83: =F83 -> 46168 | L83: 3 | M83: 0 | N83: 14 | O83: =WORKDAY(K83-1, L83+M83, IndHolidays) -> 46171 | P83: =WORKDAY(K83-1, L83+M83, IndHolidays) -> 46171 | Q83: =WORKDAY(K83-1, L83+M83, IndHolidays) -> 46171 | T83: 3 | U83: =WORKDAY(Q83, T83, IndHolidays) -> 46177 | V83: 1.5 | W83: =WORKDAY(U83, V83, IndHolidays) -> 46178 | X83: =WORKDAY(W83,0, IndHolidays) -> 46178 | Y83: 3 | Z83: =WORKDAY(X83, Y83, IndHolidays) -> 46183 | AA83: =WORKDAY(Z83, 0, IndHolidays) -> 46183 | AB83: =WORKDAY(AA83, 0, IndHolidays) -> 46183 | AC83: =WORKDAY(AB83, 1, IndHolidays) -> 46184 | AD83: =WORKDAY(AC83, 0, IndHolidays) -> 46184 | AE83: 3 | AF83: =WORKDAY(AD83, AE83, IndHolidays) -> 46189 | AG83: 2 | AH83: =WORKDAY(AF83, AG83, IndHolidays) -> 46191 | AI83: 3 | AJ83: =WORKDAY(AH83, AI83, IndHolidays) -> 46196 | AK83: =WORKDAY(AJ83, 0, IndHolidays) -> 46196 | AL83: =WORKDAY(AK83, 1, IndHolidays) -> 46197 | AM83: =WORKDAY(AL83, 0, IndHolidays) -> 46197 | AN83: 1 | AO83: =WORKDAY(AM83, AN83, IndHolidays) -> 46198 | AP83: =AO83 -> 46198 | AQ83: =AP83 -> 46198 | AR83: =WORKDAY(AQ83, 1, IndHolidays) -> 46202 | AS83: 3 | AT83: =WORKDAY(AR83, AS83, IndHolidays) -> 46205 | AU83: 0 | AV83: =WORKDAY(AT83, AU83, IndHolidays) -> 46205 | AW83: 0 | AX83: =WORKDAY(AV83, AW83, IndHolidays) -> 46205 | AY83: =_xlfn.MINIFS(ReleaseTimeline!$A$2:$A$27, ReleaseTimeline!$A$2:$A$27, ">="&(MAX(AX83,AO83))) -> 46205 | AZ83: =VLOOKUP(AY83,ReleaseTimeline!$A$1:$E$27,2,FALSE) -> Release 14 | BA83: =WORKDAY(AZ83, 3, IndHolidays) -> #VALUE! | BB83: =VLOOKUP(AZ83,ReleaseTimeline!$B$2:$C$27,2,FALSE) -> 46212 | BC83: =WORKDAY(BB83, -5) -> 46205 | BD83: =(BB83 - P83) -> 41 | BE83: =(BB83-AZ83) -> #VALUE! | BF83: =(T83+Y83+AI83+AW83) -> 9 | BI83: =(BE83+BF83) -> #VALUE!
A84: 68 | B84: LMU | C84: Complete ASP | D84: Yes | E84: 0 | F84: 46168 | G84: 46168 | H84: page_15 | I84: Pod 2 | J84: Pod 2_Member3 | K84: =F84 -> 46168 | L84: 3 | M84: 0 | N84: 15 | O84: =WORKDAY(K84-1, L84+M84, IndHolidays) -> 46171 | P84: =WORKDAY(K84-1, L84+M84, IndHolidays) -> 46171 | Q84: =WORKDAY(K84-1, L84+M84, IndHolidays) -> 46171 | T84: 3 | U84: =WORKDAY(Q84, T84, IndHolidays) -> 46177 | V84: 1.5 | W84: =WORKDAY(U84, V84, IndHolidays) -> 46178 | X84: =WORKDAY(W84,0, IndHolidays) -> 46178 | Y84: 3 | Z84: =WORKDAY(X84, Y84, IndHolidays) -> 46183 | AA84: =WORKDAY(Z84, 0, IndHolidays) -> 46183 | AB84: =WORKDAY(AA84, 0, IndHolidays) -> 46183 | AC84: =WORKDAY(AB84, 1, IndHolidays) -> 46184 | AD84: =WORKDAY(AC84, 0, IndHolidays) -> 46184 | AF84: =WORKDAY(AD84, AE84, IndHolidays) -> 46184 | AG84: 2 | AH84: =WORKDAY(AF84, AG84, IndHolidays) -> 46188 | AI84: 3 | AJ84: =WORKDAY(AH84, AI84, IndHolidays) -> 46191 | AK84: =WORKDAY(AJ84, 0, IndHolidays) -> 46191 | AL84: =WORKDAY(AK84, 1, IndHolidays) -> 46192 | AM84: =WORKDAY(AL84, 0, IndHolidays) -> 46192 | AO84: =WORKDAY(AM84, AN84, IndHolidays) -> 46192 | AP84: =AO84 -> 46192 | AQ84: =AP84 -> 46192 | AR84: =WORKDAY(AQ84, 1, IndHolidays) -> 46195 | AT84: =WORKDAY(AR84, AS84, IndHolidays) -> 46195 | AU84: 0 | AV84: =WORKDAY(AT84, AU84, IndHolidays) -> 46195 | AW84: 0 | AX84: =WORKDAY(AV84, AW84, IndHolidays) -> 46195 | AY84: =_xlfn.MINIFS(ReleaseTimeline!$A$2:$A$27, ReleaseTimeline!$A$2:$A$27, ">="&(MAX(AX84,AO84))) -> 46205 | AZ84: =VLOOKUP(AY84,ReleaseTimeline!$A$1:$E$27,2,FALSE) -> Release 14 | BA84: =WORKDAY(AZ84, 3, IndHolidays) -> #VALUE! | BB84: =VLOOKUP(AZ84,ReleaseTimeline!$B$2:$C$27,2,FALSE) -> 46212 | BC84: =WORKDAY(BB84, -5) -> 46205 | BD84: =(BB84 - P84) -> 41 | BF84: =(T84+Y84+AI84+AW84) -> 9
A85: 69 | B85: LMU | C85: Complete ASP | D85: Yes | E85: 0 | F85: 46183 | G85: 46183 | H85: page_13 | I85: Pod 2 | J85: Pod 2_Member1 | K85: =F85 -> 46183 | L85: 3 | M85: 0 | N85: 13 | O85: =WORKDAY(K85-1, L85+M85, IndHolidays) -> 46185 | P85: =WORKDAY(K85-1, L85+M85, IndHolidays) -> 46185 | Q85: =WORKDAY(K85-1, L85+M85, IndHolidays) -> 46185 | T85: 3 | U85: =WORKDAY(Q85, T85, IndHolidays) -> 46190 | V85: 1.5 | W85: =WORKDAY(U85, V85, IndHolidays) -> 46191 | X85: =WORKDAY(W85,0, IndHolidays) -> 46191 | Y85: 3 | Z85: =WORKDAY(X85, Y85, IndHolidays) -> 46196 | AA85: =WORKDAY(Z85, 0, IndHolidays) -> 46196 | AB85: =WORKDAY(AA85, 0, IndHolidays) -> 46196 | AC85: =WORKDAY(AB85, 1, IndHolidays) -> 46197 | AD85: =WORKDAY(AC85, 0, IndHolidays) -> 46197 | AE85: 3 | AF85: =WORKDAY(AD85, AE85, IndHolidays) -> 46203 | AG85: 2 | AH85: =WORKDAY(AF85, AG85, IndHolidays) -> 46205 | AI85: 3 | AJ85: =WORKDAY(AH85, AI85, IndHolidays) -> 46211 | AK85: =WORKDAY(AJ85, 0, IndHolidays) -> 46211 | AL85: =WORKDAY(AK85, 1, IndHolidays) -> 46212 | AM85: =WORKDAY(AL85, 0, IndHolidays) -> 46212 | AN85: 1 | AO85: =WORKDAY(AM85, AN85, IndHolidays) -> 46213 | AP85: =AO85 -> 46213 | AQ85: =AP85 -> 46213 | AR85: =WORKDAY(AQ85, 1, IndHolidays) -> 46216 | AS85: 3 | AT85: =WORKDAY(AR85, AS85, IndHolidays) -> 46219 | AU85: 0 | AV85: =WORKDAY(AT85, AU85, IndHolidays) -> 46219 | AW85: 0 | AX85: =WORKDAY(AV85, AW85, IndHolidays) -> 46219 | AY85: =_xlfn.MINIFS(ReleaseTimeline!$A$2:$A$27, ReleaseTimeline!$A$2:$A$27, ">="&(MAX(AX85,AO85))) -> 46219 | AZ85: =VLOOKUP(AY85,ReleaseTimeline!$A$1:$E$27,2,FALSE) -> Release 15 | BA85: =WORKDAY(AZ85, 3, IndHolidays) -> #VALUE! | BB85: =VLOOKUP(AZ85,ReleaseTimeline!$B$2:$C$27,2,FALSE) -> 46226 | BC85: =WORKDAY(BB85, -5) -> 46219 | BD85: =(BB85 - P85) -> 41 | BF85: =(T85+Y85+AI85+AW85) -> 9
A86: 70 | B86: LMU | C86: Complete ASP | D86: Yes | E86: 0 | F86: 46174 | G86: 46174 | H86: page_17 | I86: Pod 2 | J86: Pod 2_Member2 | K86: =F86 -> 46174 | L86: 3 | M86: 0 | N86: 17 | O86: =WORKDAY(K86-1, L86+M86, IndHolidays) -> 46177 | P86: =WORKDAY(K86-1, L86+M86, IndHolidays) -> 46177 | Q86: =WORKDAY(K86-1, L86+M86, IndHolidays) -> 46177 | T86: 3 | U86: =WORKDAY(Q86, T86, IndHolidays) -> 46182 | V86: 1.5 | W86: =WORKDAY(U86, V86, IndHolidays) -> 46183 | X86: =WORKDAY(W86,0, IndHolidays) -> 46183 | Y86: 3 | Z86: =WORKDAY(X86, Y86, IndHolidays) -> 46188 | AA86: =WORKDAY(Z86, 0, IndHolidays) -> 46188 | AB86: =WORKDAY(AA86, 0, IndHolidays) -> 46188 | AC86: =WORKDAY(AB86, 1, IndHolidays) -> 46189 | AD86: =WORKDAY(AC86, 0, IndHolidays) -> 46189 | AF86: =WORKDAY(AD86, AE86, IndHolidays) -> 46189 | AG86: 2 | AH86: =WORKDAY(AF86, AG86, IndHolidays) -> 46191 | AI86: 3 | AJ86: =WORKDAY(AH86, AI86, IndHolidays) -> 46196 | AK86: =WORKDAY(AJ86, 0, IndHolidays) -> 46196 | AL86: =WORKDAY(AK86, 1, IndHolidays) -> 46197 | AM86: =WORKDAY(AL86, 0, IndHolidays) -> 46197 | AO86: =WORKDAY(AM86, AN86, IndHolidays) -> 46197 | AP86: =AO86 -> 46197 | AQ86: =AP86 -> 46197 | AR86: =WORKDAY(AQ86, 1, IndHolidays) -> 46198 | AT86: =WORKDAY(AR86, AS86, IndHolidays) -> 46198 | AU86: 0 | AV86: =WORKDAY(AT86, AU86, IndHolidays) -> 46198 | AW86: 0 | AX86: =WORKDAY(AV86, AW86, IndHolidays) -> 46198 | AY86: =_xlfn.MINIFS(ReleaseTimeline!$A$2:$A$27, ReleaseTimeline!$A$2:$A$27, ">="&(MAX(AX86,AO86))) -> 46205 | AZ86: =VLOOKUP(AY86,ReleaseTimeline!$A$1:$E$27,2,FALSE) -> Release 14 | BA86: =WORKDAY(AZ86, 3, IndHolidays) -> #VALUE! | BB86: =VLOOKUP(AZ86,ReleaseTimeline!$B$2:$C$27,2,FALSE) -> 46212 | BC86: =WORKDAY(BB86, -5) -> 46205 | BD86: =(BB86 - P86) -> 35 | BF86: =(T86+Y86+AI86+AW86) -> 9
A87: 71 | B87: LMU | C87: Complete ASP | D87: Yes | E87: 0 | F87: 46174 | G87: 46174 | H87: page_18 | I87: Pod 2 | J87: Pod 2_Member3 | K87: =F87 -> 46174 | L87: 3 | M87: 0 | N87: 18 | O87: =WORKDAY(K87-1, L87+M87, IndHolidays) -> 46177 | P87: =WORKDAY(K87-1, L87+M87, IndHolidays) -> 46177 | Q87: =WORKDAY(K87-1, L87+M87, IndHolidays) -> 46177 | T87: 3 | U87: =WORKDAY(Q87, T87, IndHolidays) -> 46182 | V87: 1.5 | W87: =WORKDAY(U87, V87, IndHolidays) -> 46183 | X87: =WORKDAY(W87,0, IndHolidays) -> 46183 | Y87: 3 | Z87: =WORKDAY(X87, Y87, IndHolidays) -> 46188 | AA87: =WORKDAY(Z87, 0, IndHolidays) -> 46188 | AB87: =WORKDAY(AA87, 0, IndHolidays) -> 46188 | AC87: =WORKDAY(AB87, 1, IndHolidays) -> 46189 | AD87: =WORKDAY(AC87, 0, IndHolidays) -> 46189 | AE87: 3 | AF87: =WORKDAY(AD87, AE87, IndHolidays) -> 46192 | AG87: 2 | AH87: =WORKDAY(AF87, AG87, IndHolidays) -> 46196 | AI87: 3 | AJ87: =WORKDAY(AH87, AI87, IndHolidays) -> 46202 | AK87: =WORKDAY(AJ87, 0, IndHolidays) -> 46202 | AL87: =WORKDAY(AK87, 1, IndHolidays) -> 46203 | AM87: =WORKDAY(AL87, 0, IndHolidays) -> 46203 | AN87: 1 | AO87: =WORKDAY(AM87, AN87, IndHolidays) -> 46204 | AP87: =AO87 -> 46204 | AQ87: =AP87 -> 46204 | AR87: =WORKDAY(AQ87, 1, IndHolidays) -> 46205 | AS87: 3 | AT87: =WORKDAY(AR87, AS87, IndHolidays) -> 46211 | AU87: 0 | AV87: =WORKDAY(AT87, AU87, IndHolidays) -> 46211 | AW87: 0 | AX87: =WORKDAY(AV87, AW87, IndHolidays) -> 46211 | AY87: =_xlfn.MINIFS(ReleaseTimeline!$A$2:$A$27, ReleaseTimeline!$A$2:$A$27, ">="&(MAX(AX87,AO87))) -> 46219 | AZ87: =VLOOKUP(AY87,ReleaseTimeline!$A$1:$E$27,2,FALSE) -> Release 15 | BA87: =WORKDAY(AZ87, 3, IndHolidays) -> #VALUE! | BB87: =VLOOKUP(AZ87,ReleaseTimeline!$B$2:$C$27,2,FALSE) -> 46226 | BC87: =WORKDAY(BB87, -5) -> 46219 | BD87: =(BB87 - P87) -> 49 | BF87: =(T87+Y87+AI87+AW87) -> 9
A88: 72 | B88: LMU | C88: Complete ASP | D88: Yes | E88: 0 | F88: 46188 | G88: 46188 | H88: page_16 | I88: Pod 2 | J88: Pod 2_Member1 | K88: =F88 -> 46188 | L88: 3 | M88: 0 | N88: 16 | O88: =WORKDAY(K88-1, L88+M88, IndHolidays) -> 46190 | P88: =WORKDAY(K88-1, L88+M88, IndHolidays) -> 46190 | Q88: =WORKDAY(K88-1, L88+M88, IndHolidays) -> 46190 | T88: 3 | U88: =WORKDAY(Q88, T88, IndHolidays) -> 46195 | V88: 1.5 | W88: =WORKDAY(U88, V88, IndHolidays) -> 46196 | X88: =WORKDAY(W88,0, IndHolidays) -> 46196 | Y88: 3 | Z88: =WORKDAY(X88, Y88, IndHolidays) -> 46202 | AA88: =WORKDAY(Z88, 0, IndHolidays) -> 46202 | AB88: =WORKDAY(AA88, 0, IndHolidays) -> 46202 | AC88: =WORKDAY(AB88, 1, IndHolidays) -> 46203 | AD88: =WORKDAY(AC88, 0, IndHolidays) -> 46203 | AF88: =WORKDAY(AD88, AE88, IndHolidays) -> 46203 | AG88: 2 | AH88: =WORKDAY(AF88, AG88, IndHolidays) -> 46205 | AI88: 3 | AJ88: =WORKDAY(AH88, AI88, IndHolidays) -> 46211 | AK88: =WORKDAY(AJ88, 0, IndHolidays) -> 46211 | AL88: =WORKDAY(AK88, 1, IndHolidays) -> 46212 | AM88: =WORKDAY(AL88, 0, IndHolidays) -> 46212 | AO88: =WORKDAY(AM88, AN88, IndHolidays) -> 46212 | AP88: =AO88 -> 46212 | AQ88: =AP88 -> 46212 | AR88: =WORKDAY(AQ88, 1, IndHolidays) -> 46213 | AT88: =WORKDAY(AR88, AS88, IndHolidays) -> 46213 | AU88: 0 | AV88: =WORKDAY(AT88, AU88, IndHolidays) -> 46213 | AW88: 0 | AX88: =WORKDAY(AV88, AW88, IndHolidays) -> 46213 | AY88: =_xlfn.MINIFS(ReleaseTimeline!$A$2:$A$27, ReleaseTimeline!$A$2:$A$27, ">="&(MAX(AX88,AO88))) -> 46219 | AZ88: =VLOOKUP(AY88,ReleaseTimeline!$A$1:$E$27,2,FALSE) -> Release 15 | BA88: =WORKDAY(AZ88, 3, IndHolidays) -> #VALUE! | BB88: =VLOOKUP(AZ88,ReleaseTimeline!$B$2:$C$27,2,FALSE) -> 46226 | BC88: =WORKDAY(BB88, -5) -> 46219 | BD88: =(BB88 - P88) -> 36 | BF88: =(T88+Y88+AI88+AW88) -> 9
A89: 73 | B89: LMU | C89: Complete ASP | D89: Yes | E89: 0 | F89: 46178 | G89: 46178 | H89: page_20 | I89: Pod 2 | J89: Pod 2_Member2 | K89: =F89 -> 46178 | L89: 3 | M89: 0 | N89: 20 | O89: =WORKDAY(K89-1, L89+M89, IndHolidays) -> 46182 | P89: =WORKDAY(K89-1, L89+M89, IndHolidays) -> 46182 | Q89: =WORKDAY(K89-1, L89+M89, IndHolidays) -> 46182 | T89: 3 | U89: =WORKDAY(Q89, T89, IndHolidays) -> 46185 | V89: 1.5 | W89: =WORKDAY(U89, V89, IndHolidays) -> 46188 | X89: =WORKDAY(W89,0, IndHolidays) -> 46188 | Y89: 3 | Z89: =WORKDAY(X89, Y89, IndHolidays) -> 46191 | AA89: =WORKDAY(Z89, 0, IndHolidays) -> 46191 | AB89: =WORKDAY(AA89, 0, IndHolidays) -> 46191 | AC89: =WORKDAY(AB89, 1, IndHolidays) -> 46192 | AD89: =WORKDAY(AC89, 0, IndHolidays) -> 46192 | AE89: 3 | AF89: =WORKDAY(AD89, AE89, IndHolidays) -> 46197 | AG89: 2 | AH89: =WORKDAY(AF89, AG89, IndHolidays) -> 46202 | AI89: 3 | AJ89: =WORKDAY(AH89, AI89, IndHolidays) -> 46205 | AK89: =WORKDAY(AJ89, 0, IndHolidays) -> 46205 | AL89: =WORKDAY(AK89, 1, IndHolidays) -> 46206 | AM89: =WORKDAY(AL89, 0, IndHolidays) -> 46206 | AN89: 1 | AO89: =WORKDAY(AM89, AN89, IndHolidays) -> 46209 | AP89: =AO89 -> 46209 | AQ89: =AP89 -> 46209 | AR89: =WORKDAY(AQ89, 1, IndHolidays) -> 46211 | AS89: 3 | AT89: =WORKDAY(AR89, AS89, IndHolidays) -> 46216 | AU89: 0 | AV89: =WORKDAY(AT89, AU89, IndHolidays) -> 46216 | AW89: 0 | AX89: =WORKDAY(AV89, AW89, IndHolidays) -> 46216 | AY89: =_xlfn.MINIFS(ReleaseTimeline!$A$2:$A$27, ReleaseTimeline!$A$2:$A$27, ">="&(MAX(AX89,AO89))) -> 46219 | AZ89: =VLOOKUP(AY89,ReleaseTimeline!$A$1:$E$27,2,FALSE) -> Release 15 | BA89: =WORKDAY(AZ89, 3, IndHolidays) -> #VALUE! | BB89: =VLOOKUP(AZ89,ReleaseTimeline!$B$2:$C$27,2,FALSE) -> 46226 | BC89: =WORKDAY(BB89, -5) -> 46219 | BD89: =(BB89 - P89) -> 44 | BF89: =(T89+Y89+AI89+AW89) -> 9
A90: 74 | B90: LMU | C90: Complete ASP | D90: Yes | E90: 0 | F90: 46178 | G90: 46178 | H90: page_21 | I90: Pod 2 | J90: Pod 2_Member3 | K90: =F90 -> 46178 | L90: 3 | M90: 0 | N90: 21 | O90: =WORKDAY(K90-1, L90+M90, IndHolidays) -> 46182 | P90: =WORKDAY(K90-1, L90+M90, IndHolidays) -> 46182 | Q90: =WORKDAY(K90-1, L90+M90, IndHolidays) -> 46182 | T90: 3 | U90: =WORKDAY(Q90, T90, IndHolidays) -> 46185 | V90: 1.5 | W90: =WORKDAY(U90, V90, IndHolidays) -> 46188 | X90: =WORKDAY(W90,0, IndHolidays) -> 46188 | Y90: 3 | Z90: =WORKDAY(X90, Y90, IndHolidays) -> 46191 | AA90: =WORKDAY(Z90, 0, IndHolidays) -> 46191 | AB90: =WORKDAY(AA90, 0, IndHolidays) -> 46191 | AC90: =WORKDAY(AB90, 1, IndHolidays) -> 46192 | AD90: =WORKDAY(AC90, 0, IndHolidays) -> 46192 | AF90: =WORKDAY(AD90, AE90, IndHolidays) -> 46192 | AG90: 2 | AH90: =WORKDAY(AF90, AG90, IndHolidays) -> 46196 | AI90: 3 | AJ90: =WORKDAY(AH90, AI90, IndHolidays) -> 46202 | AK90: =WORKDAY(AJ90, 0, IndHolidays) -> 46202 | AL90: =WORKDAY(AK90, 1, IndHolidays) -> 46203 | AM90: =WORKDAY(AL90, 0, IndHolidays) -> 46203 | AO90: =WORKDAY(AM90, AN90, IndHolidays) -> 46203 | AP90: =AO90 -> 46203 | AQ90: =AP90 -> 46203 | AR90: =WORKDAY(AQ90, 1, IndHolidays) -> 46204 | AT90: =WORKDAY(AR90, AS90, IndHolidays) -> 46204 | AU90: 0 | AV90: =WORKDAY(AT90, AU90, IndHolidays) -> 46204 | AW90: 0 | AX90: =WORKDAY(AV90, AW90, IndHolidays) -> 46204 | AY90: =_xlfn.MINIFS(ReleaseTimeline!$A$2:$A$27, ReleaseTimeline!$A$2:$A$27, ">="&(MAX(AX90,AO90))) -> 46205 | AZ90: =VLOOKUP(AY90,ReleaseTimeline!$A$1:$E$27,2,FALSE) -> Release 14 | BA90: =WORKDAY(AZ90, 3, IndHolidays) -> #VALUE! | BB90: =VLOOKUP(AZ90,ReleaseTimeline!$B$2:$C$27,2,FALSE) -> 46212 | BC90: =WORKDAY(BB90, -5) -> 46205 | BD90: =(BB90 - P90) -> 30 | BF90: =(T90+Y90+AI90+AW90) -> 9
A91: 75 | B91: LMU | C91: Complete ASP | D91: Yes | E91: 0 | F91: 46191 | G91: 46191 | H91: page_19 | I91: Pod 2 | J91: Pod 2_Member1 | K91: =F91 -> 46191 | L91: 3 | M91: 0 | N91: 19 | O91: =WORKDAY(K91-1, L91+M91, IndHolidays) -> 46195 | P91: =WORKDAY(K91-1, L91+M91, IndHolidays) -> 46195 | Q91: =WORKDAY(K91-1, L91+M91, IndHolidays) -> 46195 | T91: 3 | U91: =WORKDAY(Q91, T91, IndHolidays) -> 46198 | V91: 3 | W91: =WORKDAY(U91, V91, IndHolidays) -> 46204 | X91: =WORKDAY(W91,0, IndHolidays) -> 46204 | Y91: 3 | Z91: =WORKDAY(X91, Y91, IndHolidays) -> 46209 | AA91: =WORKDAY(Z91, 0, IndHolidays) -> 46209 | AB91: =WORKDAY(AA91, 0, IndHolidays) -> 46209 | AC91: =WORKDAY(AB91, 1, IndHolidays) -> 46211 | AD91: =WORKDAY(AC91, 0, IndHolidays) -> 46211 | AE91: 3 | AF91: =WORKDAY(AD91, AE91, IndHolidays) -> 46216 | AG91: 2 | AH91: =WORKDAY(AF91, AG91, IndHolidays) -> 46218 | AI91: 3 | AJ91: =WORKDAY(AH91, AI91, IndHolidays) -> 46223 | AK91: =WORKDAY(AJ91, 0, IndHolidays) -> 46223 | AL91: =WORKDAY(AK91, 1, IndHolidays) -> 46224 | AM91: =WORKDAY(AL91, 0, IndHolidays) -> 46224 | AN91: 1 | AO91: =WORKDAY(AM91, AN91, IndHolidays) -> 46225 | AP91: =AO91 -> 46225 | AQ91: =AP91 -> 46225 | AR91: =WORKDAY(AQ91, 1, IndHolidays) -> 46226 | AS91: 3 | AT91: =WORKDAY(AR91, AS91, IndHolidays) -> 46231 | AU91: 0 | AV91: =WORKDAY(AT91, AU91, IndHolidays) -> 46231 | AW91: 0 | AX91: =WORKDAY(AV91, AW91, IndHolidays) -> 46231 | AY91: =_xlfn.MINIFS(ReleaseTimeline!$A$2:$A$27, ReleaseTimeline!$A$2:$A$27, ">="&(MAX(AX91,AO91))) -> 46233 | AZ91: =VLOOKUP(AY91,ReleaseTimeline!$A$1:$E$27,2,FALSE) -> Release 16 | BA91: =WORKDAY(AZ91, 3, IndHolidays) -> #VALUE! | BB91: =VLOOKUP(AZ91,ReleaseTimeline!$B$2:$C$27,2,FALSE) -> 46240 | BC91: =WORKDAY(BB91, -5) -> 46233 | BD91: =(BB91 - P91) -> 45 | BF91: =(T91+Y91+AI91+AW91) -> 9
A92: 76 | B92: LMU | C92: Complete ASP | D92: Yes | E92: 0 | F92: 46183 | G92: 46183 | H92: page_23 | I92: Pod 2 | J92: Pod 2_Member2 | K92: =F92 -> 46183 | L92: 3 | M92: 0 | N92: 23 | O92: =WORKDAY(K92-1, L92+M92, IndHolidays) -> 46185 | P92: =WORKDAY(K92-1, L92+M92, IndHolidays) -> 46185 | Q92: =WORKDAY(K92-1, L92+M92, IndHolidays) -> 46185 | T92: 3 | U92: =WORKDAY(Q92, T92, IndHolidays) -> 46190 | V92: 1.5 | W92: =WORKDAY(U92, V92, IndHolidays) -> 46191 | X92: =WORKDAY(W92,0, IndHolidays) -> 46191 | Y92: 3 | Z92: =WORKDAY(X92, Y92, IndHolidays) -> 46196 | AA92: =WORKDAY(Z92, 0, IndHolidays) -> 46196 | AB92: =WORKDAY(AA92, 0, IndHolidays) -> 46196 | AC92: =WORKDAY(AB92, 1, IndHolidays) -> 46197 | AD92: =WORKDAY(AC92, 0, IndHolidays) -> 46197 | AF92: =WORKDAY(AD92, AE92, IndHolidays) -> 46197 | AG92: 2 | AH92: =WORKDAY(AF92, AG92, IndHolidays) -> 46202 | AI92: 3 | AJ92: =WORKDAY(AH92, AI92, IndHolidays) -> 46205 | AK92: =WORKDAY(AJ92, 0, IndHolidays) -> 46205 | AL92: =WORKDAY(AK92, 1, IndHolidays) -> 46206 | AM92: =WORKDAY(AL92, 0, IndHolidays) -> 46206 | AO92: =WORKDAY(AM92, AN92, IndHolidays) -> 46206 | AP92: =AO92 -> 46206 | AQ92: =AP92 -> 46206 | AR92: =WORKDAY(AQ92, 1, IndHolidays) -> 46209 | AT92: =WORKDAY(AR92, AS92, IndHolidays) -> 46209 | AU92: 0 | AV92: =WORKDAY(AT92, AU92, IndHolidays) -> 46209 | AW92: 0 | AX92: =WORKDAY(AV92, AW92, IndHolidays) -> 46209 | AY92: =_xlfn.MINIFS(ReleaseTimeline!$A$2:$A$27, ReleaseTimeline!$A$2:$A$27, ">="&(MAX(AX92,AO92))) -> 46219 | AZ92: =VLOOKUP(AY92,ReleaseTimeline!$A$1:$E$27,2,FALSE) -> Release 15 | BA92: =WORKDAY(AZ92, 3, IndHolidays) -> #VALUE! | BB92: =VLOOKUP(AZ92,ReleaseTimeline!$B$2:$C$27,2,FALSE) -> 46226 | BC92: =WORKDAY(BB92, -5) -> 46219 | BD92: =(BB92 - P92) -> 41 | BF92: =(T92+Y92+AI92+AW92) -> 9
A93: 77 | B93: LMU | C93: Complete ASP | D93: Yes | E93: 0 | F93: 46183 | G93: 46183 | H93: page_24 | I93: Pod 2 | J93: Pod 2_Member3 | K93: =F93 -> 46183 | L93: 3 | M93: 0 | N93: 24 | O93: =WORKDAY(K93-1, L93+M93, IndHolidays) -> 46185 | P93: =WORKDAY(K93-1, L93+M93, IndHolidays) -> 46185 | Q93: =WORKDAY(K93-1, L93+M93, IndHolidays) -> 46185 | T93: 3 | U93: =WORKDAY(Q93, T93, IndHolidays) -> 46190 | V93: 1.5 | W93: =WORKDAY(U93, V93, IndHolidays) -> 46191 | X93: =WORKDAY(W93,0, IndHolidays) -> 46191 | Y93: 3 | Z93: =WORKDAY(X93, Y93, IndHolidays) -> 46196 | AA93: =WORKDAY(Z93, 0, IndHolidays) -> 46196 | AB93: =WORKDAY(AA93, 0, IndHolidays) -> 46196 | AC93: =WORKDAY(AB93, 1, IndHolidays) -> 46197 | AD93: =WORKDAY(AC93, 0, IndHolidays) -> 46197 | AE93: 3 | AF93: =WORKDAY(AD93, AE93, IndHolidays) -> 46203 | AG93: 2 | AH93: =WORKDAY(AF93, AG93, IndHolidays) -> 46205 | AI93: 3 | AJ93: =WORKDAY(AH93, AI93, IndHolidays) -> 46211 | AK93: =WORKDAY(AJ93, 0, IndHolidays) -> 46211 | AL93: =WORKDAY(AK93, 1, IndHolidays) -> 46212 | AM93: =WORKDAY(AL93, 0, IndHolidays) -> 46212 | AN93: 1 | AO93: =WORKDAY(AM93, AN93, IndHolidays) -> 46213 | AP93: =AO93 -> 46213 | AQ93: =AP93 -> 46213 | AR93: =WORKDAY(AQ93, 1, IndHolidays) -> 46216 | AS93: 3 | AT93: =WORKDAY(AR93, AS93, IndHolidays) -> 46219 | AU93: 0 | AV93: =WORKDAY(AT93, AU93, IndHolidays) -> 46219 | AW93: 0 | AX93: =WORKDAY(AV93, AW93, IndHolidays) -> 46219 | AY93: =_xlfn.MINIFS(ReleaseTimeline!$A$2:$A$27, ReleaseTimeline!$A$2:$A$27, ">="&(MAX(AX93,AO93))) -> 46219 | AZ93: =VLOOKUP(AY93,ReleaseTimeline!$A$1:$E$27,2,FALSE) -> Release 15 | BA93: =WORKDAY(AZ93, 3, IndHolidays) -> #VALUE! | BB93: =VLOOKUP(AZ93,ReleaseTimeline!$B$2:$C$27,2,FALSE) -> 46226 | BC93: =WORKDAY(BB93, -5) -> 46219 | BD93: =(BB93 - P93) -> 41 | BF93: =(T93+Y93+AI93+AW93) -> 9
A94: 78 | B94: LMU | C94: Complete ASP | D94: Yes | E94: 0 | F94: 46196 | G94: 46196 | H94: page_22 | I94: Pod 2 | J94: Pod 2_Member1 | K94: =F94 -> 46196 | L94: 3 | M94: 0 | N94: 22 | O94: =WORKDAY(K94-1, L94+M94, IndHolidays) -> 46198 | P94: =WORKDAY(K94-1, L94+M94, IndHolidays) -> 46198 | Q94: =WORKDAY(K94-1, L94+M94, IndHolidays) -> 46198 | T94: 3 | U94: =WORKDAY(Q94, T94, IndHolidays) -> 46204 | V94: 3 | W94: =WORKDAY(U94, V94, IndHolidays) -> 46209 | X94: =WORKDAY(W94,0, IndHolidays) -> 46209 | Y94: 3 | Z94: =WORKDAY(X94, Y94, IndHolidays) -> 46213 | AA94: =WORKDAY(Z94, 0, IndHolidays) -> 46213 | AB94: =WORKDAY(AA94, 0, IndHolidays) -> 46213 | AC94: =WORKDAY(AB94, 1, IndHolidays) -> 46216 | AD94: =WORKDAY(AC94, 0, IndHolidays) -> 46216 | AF94: =WORKDAY(AD94, AE94, IndHolidays) -> 46216 | AG94: 2 | AH94: =WORKDAY(AF94, AG94, IndHolidays) -> 46218 | AI94: 3 | AJ94: =WORKDAY(AH94, AI94, IndHolidays) -> 46223 | AK94: =WORKDAY(AJ94, 0, IndHolidays) -> 46223 | AL94: =WORKDAY(AK94, 1, IndHolidays) -> 46224 | AM94: =WORKDAY(AL94, 0, IndHolidays) -> 46224 | AO94: =WORKDAY(AM94, AN94, IndHolidays) -> 46224 | AP94: =AO94 -> 46224 | AQ94: =AP94 -> 46224 | AR94: =WORKDAY(AQ94, 1, IndHolidays) -> 46225 | AT94: =WORKDAY(AR94, AS94, IndHolidays) -> 46225 | AU94: 0 | AV94: =WORKDAY(AT94, AU94, IndHolidays) -> 46225 | AW94: 0 | AX94: =WORKDAY(AV94, AW94, IndHolidays) -> 46225 | AY94: =_xlfn.MINIFS(ReleaseTimeline!$A$2:$A$27, ReleaseTimeline!$A$2:$A$27, ">="&(MAX(AX94,AO94))) -> 46233 | AZ94: =VLOOKUP(AY94,ReleaseTimeline!$A$1:$E$27,2,FALSE) -> Release 16 | BA94: =WORKDAY(AZ94, 3, IndHolidays) -> #VALUE! | BB94: =VLOOKUP(AZ94,ReleaseTimeline!$B$2:$C$27,2,FALSE) -> 46240 | BC94: =WORKDAY(BB94, -5) -> 46233 | BD94: =(BB94 - P94) -> 42 | BE94: =(BB94-AZ94) -> #VALUE! | BF94: =(T94+Y94+AI94+AW94) -> 9 | BI94: =(BE94+BF94) -> #VALUE!
A95: 79 | B95: LMU | C95: Complete ASP | D95: Yes | E95: 0 | F95: 46188 | G95: 46188 | H95: page_25 | I95: Pod 2 | J95: Pod 2_Member3 | K95: =F95 -> 46188 | L95: 3 | M95: 0 | N95: 25 | O95: =WORKDAY(K95-1, L95+M95, IndHolidays) -> 46190 | P95: =WORKDAY(K95-1, L95+M95, IndHolidays) -> 46190 | Q95: =WORKDAY(K95-1, L95+M95, IndHolidays) -> 46190 | T95: 3 | U95: =WORKDAY(Q95, T95, IndHolidays) -> 46195 | V95: 1.5 | W95: =WORKDAY(U95, V95, IndHolidays) -> 46196 | X95: =WORKDAY(W95,0, IndHolidays) -> 46196 | Y95: 3 | Z95: =WORKDAY(X95, Y95, IndHolidays) -> 46202 | AA95: =WORKDAY(Z95, 0, IndHolidays) -> 46202 | AB95: =WORKDAY(AA95, 0, IndHolidays) -> 46202 | AC95: =WORKDAY(AB95, 1, IndHolidays) -> 46203 | AD95: =WORKDAY(AC95, 0, IndHolidays) -> 46203 | AF95: =WORKDAY(AD95, AE95, IndHolidays) -> 46203 | AG95: 2 | AH95: =WORKDAY(AF95, AG95, IndHolidays) -> 46205 | AI95: 3 | AJ95: =WORKDAY(AH95, AI95, IndHolidays) -> 46211 | AK95: =WORKDAY(AJ95, 0, IndHolidays) -> 46211 | AL95: =WORKDAY(AK95, 1, IndHolidays) -> 46212 | AM95: =WORKDAY(AL95, 0, IndHolidays) -> 46212 | AO95: =WORKDAY(AM95, AN95, IndHolidays) -> 46212 | AP95: =AO95 -> 46212 | AQ95: =AP95 -> 46212 | AR95: =WORKDAY(AQ95, 1, IndHolidays) -> 46213 | AT95: =WORKDAY(AR95, AS95, IndHolidays) -> 46213 | AU95: 1 | AV95: =WORKDAY(AT95, AU95, IndHolidays) -> 46216 | AW95: 3 | AX95: =WORKDAY(AV95, AW95, IndHolidays) -> 46219 | AY95: =_xlfn.MINIFS(ReleaseTimeline!$A$2:$A$27, ReleaseTimeline!$A$2:$A$27, ">="&(MAX(AX95,AO95))) -> 46219 | AZ95: =VLOOKUP(AY95,ReleaseTimeline!$A$1:$E$27,2,FALSE) -> Release 15 | BA95: =WORKDAY(AZ95, 3, IndHolidays) -> #VALUE! | BB95: =VLOOKUP(AZ95,ReleaseTimeline!$B$2:$C$27,2,FALSE) -> 46226 | BC95: =WORKDAY(BB95, -5) -> 46219 | BD95: =(BB95 - P95) -> 36 | BF95: =(T95+Y95+AI95+AW95) -> 12
A96: 80 | B96: LMU | C96: Complete ASP | D96: Yes | E96: 0 | F96: 46188 | G96: 46188 | H96: page_26 | I96: Pod 2 | J96: Pod 2_Member2 | K96: =F96 -> 46188 | L96: 3 | M96: 0 | N96: 26 | O96: =WORKDAY(K96-1, L96+M96, IndHolidays) -> 46190 | P96: =WORKDAY(K96-1, L96+M96, IndHolidays) -> 46190 | Q96: =WORKDAY(K96-1, L96+M96, IndHolidays) -> 46190 | T96: 3 | U96: =WORKDAY(Q96, T96, IndHolidays) -> 46195 | V96: 1.5 | W96: =WORKDAY(U96, V96, IndHolidays) -> 46196 | X96: =WORKDAY(W96,0, IndHolidays) -> 46196 | Y96: 3 | Z96: =WORKDAY(X96, Y96, IndHolidays) -> 46202 | AA96: =WORKDAY(Z96, 0, IndHolidays) -> 46202 | AB96: =WORKDAY(AA96, 0, IndHolidays) -> 46202 | AC96: =WORKDAY(AB96, 1, IndHolidays) -> 46203 | AD96: =WORKDAY(AC96, 0, IndHolidays) -> 46203 | AE96: 3 | AF96: =WORKDAY(AD96, AE96, IndHolidays) -> 46206 | AG96: 2 | AH96: =WORKDAY(AF96, AG96, IndHolidays) -> 46211 | AI96: 3 | AJ96: =WORKDAY(AH96, AI96, IndHolidays) -> 46216 | AK96: =WORKDAY(AJ96, 0, IndHolidays) -> 46216 | AL96: =WORKDAY(AK96, 1, IndHolidays) -> 46217 | AM96: =WORKDAY(AL96, 0, IndHolidays) -> 46217 | AN96: 1 | AO96: =WORKDAY(AM96, AN96, IndHolidays) -> 46218 | AP96: =AO96 -> 46218 | AQ96: =AP96 -> 46218 | AR96: =WORKDAY(AQ96, 1, IndHolidays) -> 46219 | AS96: 3 | AT96: =WORKDAY(AR96, AS96, IndHolidays) -> 46224 | AU96: 1 | AV96: =WORKDAY(AT96, AU96, IndHolidays) -> 46225 | AW96: 3 | AX96: =WORKDAY(AV96, AW96, IndHolidays) -> 46230 | AY96: =_xlfn.MINIFS(ReleaseTimeline!$A$2:$A$27, ReleaseTimeline!$A$2:$A$27, ">="&(MAX(AX96,AO96))) -> 46233 | AZ96: =VLOOKUP(AY96,ReleaseTimeline!$A$1:$E$27,2,FALSE) -> Release 16 | BA96: =WORKDAY(AZ96, 3, IndHolidays) -> #VALUE! | BB96: =VLOOKUP(AZ96,ReleaseTimeline!$B$2:$C$27,2,FALSE) -> 46240 | BC96: =WORKDAY(BB96, -5) -> 46233 | BD96: =(BB96 - P96) -> 50 | BF96: =(T96+Y96+AI96+AW96) -> 12
A97: 81 | B97: Location | C97: =VLOOKUP(B97,'Target Tech'!$C$7:$J$33,8,FALSE) -> Complete ASP | D97: Yes | E97: 0 | F97: 46147 | G97: 46147 | H97: page_1 | I97: Pod 3 | J97: Pod 3_Member3 | K97: =F97 -> 46147 | L97: 3 | M97: 0 | N97: 1 | O97: =WORKDAY(K97-1, L97+M97, IndHolidays) -> 46149 | P97: =WORKDAY(K97-1, L97+M97, IndHolidays) -> 46149 | Q97: =WORKDAY(K97-1, L97+M97, IndHolidays) -> 46149 | T97: 3 | U97: =WORKDAY(Q97, T97, IndHolidays) -> 46154 | V97: 1.5 | W97: =WORKDAY(U97, V97, IndHolidays) -> 46155 | X97: =WORKDAY(W97,0, IndHolidays) -> 46155 | Y97: 3 | Z97: =WORKDAY(X97, Y97, IndHolidays) -> 46160 | AA97: =WORKDAY(Z97, 0, IndHolidays) -> 46160 | AB97: =WORKDAY(AA97, 0, IndHolidays) -> 46160 | AC97: =WORKDAY(AB97, 1, IndHolidays) -> 46161 | AD97: =WORKDAY(AC97, 0, IndHolidays) -> 46161 | AF97: =WORKDAY(AD97, AE97, IndHolidays) -> 46161 | AG97: 2 | AH97: =WORKDAY(AF97, AG97, IndHolidays) -> 46163 | AI97: 3 | AJ97: =WORKDAY(AH97, AI97, IndHolidays) -> 46168 | AK97: =WORKDAY(AJ97, 0, IndHolidays) -> 46168 | AL97: =WORKDAY(AK97, 1, IndHolidays) -> 46169 | AM97: =WORKDAY(AL97, 0, IndHolidays) -> 46169 | AO97: =WORKDAY(AM97, AN97, IndHolidays) -> 46169 | AP97: =AO97 -> 46169 | AQ97: =AP97 -> 46169 | AR97: =WORKDAY(AQ97, 1, IndHolidays) -> 46171 | AT97: =WORKDAY(AR97, AS97, IndHolidays) -> 46171 | AU97: 0 | AV97: =WORKDAY(AT97, AU97, IndHolidays) -> 46171 | AW97: 0 | AX97: =WORKDAY(AV97, AW97, IndHolidays) -> 46171 | AY97: =_xlfn.MINIFS(ReleaseTimeline!$A$2:$A$27, ReleaseTimeline!$A$2:$A$27, ">="&(MAX(AX97,AO97))) -> 46177 | AZ97: =VLOOKUP(AY97,ReleaseTimeline!$A$1:$E$27,2,FALSE) -> Release 12 | BA97: =WORKDAY(AZ97, 3, IndHolidays) -> #VALUE! | BB97: =VLOOKUP(AZ97,ReleaseTimeline!$B$2:$C$27,2,FALSE) -> 46184 | BC97: =WORKDAY(BB97, -5) -> 46177 | BD97: =(BB97 - P97) -> 35 | BF97: =(T97+Y97+AI97+AW97) -> 9
A98: 82 | B98: Location | C98: =VLOOKUP(B98,'Target Tech'!$C$7:$J$33,8,FALSE) -> Complete ASP | D98: Yes | E98: 0 | F98: 46147 | G98: 46147 | H98: page_2 | I98: Pod 3 | J98: Pod 3_Member1 | K98: =F98 -> 46147 | L98: 3 | M98: 0 | N98: 2 | O98: =WORKDAY(K98-1, L98+M98, IndHolidays) -> 46149 | P98: =WORKDAY(K98-1, L98+M98, IndHolidays) -> 46149 | Q98: =WORKDAY(K98-1, L98+M98, IndHolidays) -> 46149 | T98: 3 | U98: =WORKDAY(Q98, T98, IndHolidays) -> 46154 | V98: 1.5 | W98: =WORKDAY(U98, V98, IndHolidays) -> 46155 | X98: =WORKDAY(W98,0, IndHolidays) -> 46155 | Y98: 3 | Z98: =WORKDAY(X98, Y98, IndHolidays) -> 46160 | AA98: =WORKDAY(Z98, 0, IndHolidays) -> 46160 | AB98: =WORKDAY(AA98, 0, IndHolidays) -> 46160 | AC98: =WORKDAY(AB98, 1, IndHolidays) -> 46161 | AD98: =WORKDAY(AC98, 0, IndHolidays) -> 46161 | AF98: =WORKDAY(AD98, AE98, IndHolidays) -> 46161 | AG98: 2 | AH98: =WORKDAY(AF98, AG98, IndHolidays) -> 46163 | AI98: 3 | AJ98: =WORKDAY(AH98, AI98, IndHolidays) -> 46168 | AK98: =WORKDAY(AJ98, 0, IndHolidays) -> 46168 | AL98: =WORKDAY(AK98, 1, IndHolidays) -> 46169 | AM98: =WORKDAY(AL98, 0, IndHolidays) -> 46169 | AO98: =WORKDAY(AM98, AN98, IndHolidays) -> 46169 | AP98: =AO98 -> 46169 | AQ98: =AP98 -> 46169 | AR98: =WORKDAY(AQ98, 1, IndHolidays) -> 46171 | AT98: =WORKDAY(AR98, AS98, IndHolidays) -> 46171 | AU98: 0 | AV98: =WORKDAY(AT98, AU98, IndHolidays) -> 46171 | AW98: 0 | AX98: =WORKDAY(AV98, AW98, IndHolidays) -> 46171 | AY98: =_xlfn.MINIFS(ReleaseTimeline!$A$2:$A$27, ReleaseTimeline!$A$2:$A$27, ">="&(MAX(AX98,AO98))) -> 46177 | AZ98: =VLOOKUP(AY98,ReleaseTimeline!$A$1:$E$27,2,FALSE) -> Release 12 | BA98: =WORKDAY(AZ98, 3, IndHolidays) -> #VALUE! | BB98: =VLOOKUP(AZ98,ReleaseTimeline!$B$2:$C$27,2,FALSE) -> 46184 | BC98: =WORKDAY(BB98, -5) -> 46177 | BD98: =(BB98 - P98) -> 35 | BE98: =(BB98-AZ98) -> #VALUE! | BF98: =(T98+Y98+AI98+AW98) -> 9 | BI98: =(BE98+BF98) -> #VALUE!
A99: 83 | B99: Location | C99: =VLOOKUP(B99,'Target Tech'!$C$7:$J$33,8,FALSE) -> Complete ASP | D99: Yes | E99: 0 | F99: 46141 | G99: 46141 | H99: page_3 | I99: Pod 3 | J99: Pod 3_Member2 | K99: =F99 -> 46141 | L99: 3 | M99: 0 | N99: 3 | O99: =WORKDAY(K99-1, L99+M99, IndHolidays) -> 46146 | P99: =WORKDAY(K99-1, L99+M99, IndHolidays) -> 46146 | Q99: =WORKDAY(K99-1, L99+M99, IndHolidays) -> 46146 | T99: 3 | U99: =WORKDAY(Q99, T99, IndHolidays) -> 46149 | V99: 1.5 | W99: =WORKDAY(U99, V99, IndHolidays) -> 46150 | X99: =WORKDAY(W99,0, IndHolidays) -> 46150 | Y99: 3 | Z99: =WORKDAY(X99, Y99, IndHolidays) -> 46155 | AA99: =WORKDAY(Z99, 0, IndHolidays) -> 46155 | AB99: =WORKDAY(AA99, 0, IndHolidays) -> 46155 | AC99: =WORKDAY(AB99, 1, IndHolidays) -> 46156 | AD99: =WORKDAY(AC99, 0, IndHolidays) -> 46156 | AF99: =WORKDAY(AD99, AE99, IndHolidays) -> 46156 | AG99: 2 | AH99: =WORKDAY(AF99, AG99, IndHolidays) -> 46160 | AI99: 3 | AJ99: =WORKDAY(AH99, AI99, IndHolidays) -> 46163 | AK99: =WORKDAY(AJ99, 0, IndHolidays) -> 46163 | AL99: =WORKDAY(AK99, 1, IndHolidays) -> 46164 | AM99: =WORKDAY(AL99, 0, IndHolidays) -> 46164 | AO99: =WORKDAY(AM99, AN99, IndHolidays) -> 46164 | AP99: =AO99 -> 46164 | AQ99: =AP99 -> 46164 | AR99: =WORKDAY(AQ99, 1, IndHolidays) -> 46167 | AT99: =WORKDAY(AR99, AS99, IndHolidays) -> 46167 | AU99: 0 | AV99: =WORKDAY(AT99, AU99, IndHolidays) -> 46167 | AW99: 0 | AX99: =WORKDAY(AV99, AW99, IndHolidays) -> 46167 | AY99: =_xlfn.MINIFS(ReleaseTimeline!$A$2:$A$27, ReleaseTimeline!$A$2:$A$27, ">="&(MAX(AX99,AO99))) -> 46177 | AZ99: =VLOOKUP(AY99,ReleaseTimeline!$A$1:$E$27,2,FALSE) -> Release 12 | BA99: =WORKDAY(AZ99, 3, IndHolidays) -> #VALUE! | BB99: =VLOOKUP(AZ99,ReleaseTimeline!$B$2:$C$27,2,FALSE) -> 46184 | BC99: =WORKDAY(BB99, -5) -> 46177 | BD99: =(BB99 - P99) -> 38 | BF99: =(T99+Y99+AI99+AW99) -> 9
A100: 84 | B100: Location | C100: =VLOOKUP(B100,'Target Tech'!$C$7:$J$33,8,FALSE) -> Complete ASP | D100: Yes | E100: 0 | F100: 46150 | G100: 46150 | H100: page_4 | I100: Pod 3 | J100: Pod 3_Member3 | K100: =F100 -> 46150 | L100: 3 | M100: 0 | N100: 4 | O100: =WORKDAY(K100-1, L100+M100, IndHolidays) -> 46154 | P100: =WORKDAY(K100-1, L100+M100, IndHolidays) -> 46154 | Q100: =WORKDAY(K100-1, L100+M100, IndHolidays) -> 46154 | T100: 3 | U100: =WORKDAY(Q100, T100, IndHolidays) -> 46157 | V100: 1.5 | W100: =WORKDAY(U100, V100, IndHolidays) -> 46160 | X100: =WORKDAY(W100,0, IndHolidays) -> 46160 | Y100: 3 | Z100: =WORKDAY(X100, Y100, IndHolidays) -> 46163 | AA100: =WORKDAY(Z100, 0, IndHolidays) -> 46163 | AB100: =WORKDAY(AA100, 0, IndHolidays) -> 46163 | AC100: =WORKDAY(AB100, 1, IndHolidays) -> 46164 | AD100: =WORKDAY(AC100, 0, IndHolidays) -> 46164 | AF100: =WORKDAY(AD100, AE100, IndHolidays) -> 46164 | AG100: 2 | AH100: =WORKDAY(AF100, AG100, IndHolidays) -> 46168 | AI100: 3 | AJ100: =WORKDAY(AH100, AI100, IndHolidays) -> 46174 | AK100: =WORKDAY(AJ100, 0, IndHolidays) -> 46174 | AL100: =WORKDAY(AK100, 1, IndHolidays) -> 46176 | AM100: =WORKDAY(AL100, 0, IndHolidays) -> 46176 | AO100: =WORKDAY(AM100, AN100, IndHolidays) -> 46176 | AP100: =AO100 -> 46176 | AQ100: =AP100 -> 46176 | AR100: =WORKDAY(AQ100, 1, IndHolidays) -> 46177 | AT100: =WORKDAY(AR100, AS100, IndHolidays) -> 46177 | AU100: 0 | AV100: =WORKDAY(AT100, AU100, IndHolidays) -> 46177 | AW100: 0 | AX100: =WORKDAY(AV100, AW100, IndHolidays) -> 46177 | AY100: =_xlfn.MINIFS(ReleaseTimeline!$A$2:$A$27, ReleaseTimeline!$A$2:$A$27, ">="&(MAX(AX100,AO100))) -> 46177 | AZ100: =VLOOKUP(AY100,ReleaseTimeline!$A$1:$E$27,2,FALSE) -> Release 12 | BA100: =WORKDAY(AZ100, 3, IndHolidays) -> #VALUE! | BB100: =VLOOKUP(AZ100,ReleaseTimeline!$B$2:$C$27,2,FALSE) -> 46184 | BC100: =WORKDAY(BB100, -5) -> 46177 | BD100: =(BB100 - P100) -> 30 | BF100: =(T100+Y100+AI100+AW100) -> 9
...

Sheet Sheet2
A3: Count of Status | B3: Column Labels
A4: Row Labels | B4: Dev Bug fix in progress | C4: Dev PR in review | D4: Development Inprogress | E4: Not Started | F4: Out of scope | G4: Prod bug PR in Review | H4: Prod Deployed FF OFF | I4: Prod Deployed FF ON | J4: TCR bug PR in Review | K4: TCR Testing In Progress | L4: Waiting for clarification | M4: (blank) | N4: Grand Total
A5: Addressbook | G5: 1 | N5: 1
A6: Assessment | C6: 2 | H6: 3 | K6: 6 | N6: 11
A7: AssetAware | F7: 1 | H7: 1 | K7: 3 | N7: 5
A8: Attendance | E8: 3 | N8: 3
A9: AVAA Agents | D9: 1 | N9: 1
A10: Common | K10: 4 | N10: 4
A11: Communication | C11: 1 | L11: 1 | N11: 2
A12: Content | F12: 4 | H12: 1 | K12: 6 | N12: 11
A13: Enrollment | C13: 2 | F13: 2 | K13: 1 | L13: 1 | N13: 6
A14: Extended Field | C14: 4 | F14: 1 | K14: 2 | N14: 7
A15: External | C15: 1 | N15: 1
A16: FORUM | B16: 3 | D16: 1 | N16: 4
A17: GradeBook | B17: 10 | C17: 1 | N17: 11
A18: Home | C18: 1 | F18: 1 | K18: 1 | N18: 3
A19: ImportStatus | C19: 1 | N19: 1
A20: IssueAware | I20: 2 | N20: 2
A21: Library | D21: 2 | F21: 1 | K21: 5 | N21: 8
A22: LMU | D22: 6 | E22: 21 | N22: 27
A23: Location | D23: 8 | F23: 2 | K23: 3 | N23: 13
A24: Log | D24: 5 | E24: 2 | N24: 7
A25: ProgressionPlan | D25: 3 | E25: 4 | N25: 7
A26: Registration | D26: 1 | N26: 1
A27: Reports | L27: 13 | N27: 13
A28: Security | J28: 1 | K28: 6 | N28: 7
A29: Webuser | E29: 9 | N29: 9
A30: (blank)
A31: Grand Total | B31: 13 | C31: 13 | D31: 27 | E31: 39 | F31: 12 | G31: 1 | H31: 5 | I31: 2 | J31: 1 | K31: 37 | L31: 15 | N31: 165
A34: Status | B34: Count | C34: % Distribution
A35: Not Started | B35: 39 | C35: 0.252
A36: TCR Testing In Progress | B36: 37 | C36: 0.239
A37: Development In Progress | B37: 26 | C37: 0.168
A38: Dev Bug Fix In Progress | B38: 13 | C38: 0.084
A39: Dev PR In Review | B39: 11 | C39: 0.071
A40: Waiting for Clarification | B40: 11 | C40: 0.071
A41: Prod Deployed FF OFF | B41: 5 | C41: 0.032
A42: TCR Bug PR In Review | B42: 1 | C42: 0.006

Sheet All Handson WorkShop-May-Sep
A1: Module | B1: Modules/ Pages | C1: US# | D1: Sprint | E1: POC | F1: PR | G1: Status | H1: PR Raised Date | I1: First PR Response Date | J1: PR Approved Date | K1: PR Merged Date | L1: Dependency | M1: Planned Release Date | N1: Code Freeze Date | O1: Actual Release Date | P1: Release Type | Q1: Dependency PR Number | R1: Aging (Days) | S1: Additional Comments | T1: 46146 | U1: 46147 | V1: 46148 | W1: 46149 | X1: 46150 | Y1: 46153 | Z1: 46154 | AA1: 46155 | AB1: 46156 | AC1: 46157 | AD1: 46160 | AE1: 46161 | AF1: 46162 | AG1: 46163 | AH1: 46164 | AI1: 46167 | AJ1: 46168 | AK1: 46169 | AL1: 46170 | AM1: 46171 | AN1: 46174 | AO1: 46175 | AP1: 46176 | AQ1: 46177 | AR1: 46178 | AS1: Copilot Usage as on 4th May | AT1: Copilot Usage as on 6th May | AU1: Copilot Usage as on 7th May | AV1: Copilot Usage as on 8th May | AW1: Copilot Usage as on 13th May | AX1: Copilot Usage as on 19h May | AY1: Copilot Usage as on 29th May | AZ1: Copilot Usage as on 5th Jun
A2: Assessment | B2: assessments\checkMyWork\submissions.aspx.cs | C2: 1043225 | D2: 2.5 | E2: Vijay | F2: 8886 | G2: TCR Testing In Progress | H2: 46169 | I2: 46171 | J2: 46175 | K2: 46175 | L2: Yes | M2: 46170 | N2: 46163 | O2: 46184 | Q2: 8846 8872 8868 | S2: Delayed release because of Shared Control dependencies | U2: Sohith is on leave | V2: Dev Inprogress (70% to 75%) + out of 8 RAD controls 8 is done + fixing functionality issue | W2: Vijay to complete this page + Raise PR + Fix CoPilot comments + Test with QE in local Dev is completed + Yet to create shared controls | X2: Create shared controls in progress + Yet to raise PR | Y2: Dev completed for Assessment 2 pages + Yet to raise PR | Z2: PR 8886 created; not assigned to Catalyst yet | AA2: Submit to Catalyst | AB2: Yet to raise to catalsyt + Fix copilot comments + fixed merge conflicts + fixed copilot comments | AC2: reviwe is done + fixed PR comments + Testing in progress | AD2: PR in Progress | AE2: received & fixed merge conflicts + copilot comments(twice) | AK2: Please resolve the merge conflicts, prioritize and complete this | AL2: Submitted to Catalyst | AM2: Received & fixed conflicts + PR comments fixed + reverted | AQ2: bug received in TCR + fixed | AV2: 0.52
A3: Assessment | B3: assessments\import.aspx.cs | C3: 989551 | D3: 2.3 | E3: Anil | F3: 8798 | G3: TCR Testing In Progress | H3: 46146 | I3: 46171 | J3: 46171 | K3: 46171 | L3: No | M3: 46170 | N3: 46163 | O3: 46184 | R3: 19 | S3: Delayed release because of Shared Control dependencies | T3: Rasied PR(8798) + Copilot comments fixed + Abhijit Reviwed PR | U3: QE testing completed on local, 1 issue found related to document upload, yet to fix | W3: Anil to resolve merge conflict and then submit to Catalyst Resolved bug + Verified with QE + Copilot comments fix in progress | Y3: waiting for PR comments | Z3: Sick Leave | AA3: PR approved by Catalyst, showing merge conflicts, Abhijit to review and merge | AB3: dependency on shared controls | AD3: dependency on shared controls | AJ3: yet to fix conflicts + revert to catalyst | AK3: Please resubmit to Catalyst | AL3: Submitted to Catalyst | AQ3: TCR bug received | AT3: 0.26
A4: Assessment | B4: assessments\assessment.aspx.cs | C4: 989551 | D4: 2.3 | E4: Vijay | F4: 8807 | G4: Prod Deployed FF OFF | H4: 46147 | I4: 46148 | J4: 46151 | K4: 46151 | L4: Yes | M4: 46170 | N4: 46163 | O4: 46170 | P4: Dark | Q4: 8846 8872 8868 | S4: On track - Dask release because of dependency on Shared Control | T4: Completed development + Yet to raise PR | U4: Raised PR(8807) + Fixed Copilot comments + PR is reviwed by abhijit and raised to catalyst | V4: PR 8751 - PR comemnts received and fix in progress | W4: PR 8807 - Received conflicts + PR comments(Yet to start) | X4: PR is approved + Merged | Z4: Yet to create shared control | AA4: Created shared controls + Testing is done | AB4: Merged
A5: Assessment | B5: assessments\checkMyWork\checkMyWork.aspx.cs | C5: 1043225 | D5: 2.5 | E5: Vijay | F5: 8886 | G5: TCR Testing In Progress | H5: 46169 | I5: 46169 | J5: 46175 | K5: 46175 | L5: Yes | M5: 46170 | N5: 46163 | O5: 46184 | Q5: 9009 | S5: Delayed release because of Shared Control dependencies | U5: Yet to start | V5: Dev Inprogress (70% to 75%) + out of 8 RAD controls 8 is done + fixing functionality issue | W5: Vijay to complete this page + Raise PR + Fix CoPilot comments + Test with QE in local Dev is completed + Yet to create shared controls | X5: Create shared controls in progress + Yet to raise PR | Y5: Dev completed for Assessment 2 pages + Yet to raise PR | Z5: PR 8886 created; not assigned to Catalyst yet | AA5: Submit to Catalyst | AB5: Yet to raise to catalsyt + Fix copilot comments + fixed merge conflicts + fixed copilot comments | AC5: review is done + fixed PR comments + Testing in progress | AD5: With catalyst | AE5: Reviewed by abhijit | AF5: Received + fixed conflicts | AG5: resovled conflicts + comments (split into 2) | AK5: Please resolve the merge conflicts, prioritize and complete this | AL5: Submitted to Catalyst | AM5: Received & fixed conflicts twice + PR comments fixed + reverted
A6: Assessment | B6: assessments\questions.aspx.cs | C6: 989551 | D6: 2.4 | E6: Rizwana | F6: 8877 | G6: Prod Deployed FF OFF | H6: 46153 | I6: 46155 | J6: 46156 | K6: 46156 | L6: Yes | M6: 46170 | N6: 46163 | O6: 46170 | P6: Dark | Q6: 8846 8872 8868 | S6: On track - Dask release because of dependency on Shared Control | X6: Yet to start on Dev | Y6: Dev is completed + QE testing is in progress + PR created + reveiw is done | AA6: Resolved Catalyst review comments and reverted for review | AB6: approved + fix Merge conflicts + comments | AC6: Merged | AG6: bug from TCR fixed + 8952 (PR) | AM6: change look and fill - vijay is progressing in creation of PR
A7: Assessment | B7: assessment\manager.aspx.cs | C7: 989551 | D7: 2.3 | E7: Vijay | F7: 8751 | G7: Prod Deployed FF OFF | H7: 46141 | I7: 46154 | J7: 46156 | K7: 46156 | L7: Yes | M7: 46170 | N7: 46163 | O7: 46170 | P7: Dark | Q7: 8846 8872 8868 | S7: On track - Dask release because of dependency on Shared Control | W7: fix conflicts - resolve co-pilot comments - Ask catalyst's team to review (currently I requested him to pause his review as we got conflicts and co-pilot comments) Complete PR 8751, and fix the issues Resolved conflicts + Copilot comments fix in progress | X7: Copiot comments Fixed + Conflicts fix in progress | Y7: resolved conflicts + reverted(11 May) | Z7: 8751 - fixed copilot comments + fixed PR comments | AA7: Changes implemented + Ask Catalyst to approve the PR(still same) | AB7: Approved | AC7: Merged | AH7: bug fix completed + yet to connect vth QE | AM7: Recieved 1 bug + Fixed + QE verified | AT7: 0.39
A8: Assessment | B8: assessments\reports\assessmentAnswersAccepted.aspx.cs | C8: 989551 | D8: 2.4 | E8: Sohith | F8: 8889 | G8: TCR Testing In Progress | H8: 46154 | I8: 46161 | J8: 46174 | K8: 46174 | L8: No | M8: 46170 | N8: 46163 | O8: 46184 | R8: 13 | S8: Delayed release because of Shared Control dependencies | Z8: Dev completed + internal QE is done + Yet to create PR + yet to fix copilot comments | AA8: Resolve CoPilot comments + Raise PR + review with Abhijit + submit to Catalyst | AB8: Raised to catalyst+ Fixed PR comments + Fixed conflicts Fixed merge conflicts & copilot comments | AC8: Fix Mereg conflicts | AD8: in Progress | AE8: First approval received + Fixed merge conflicts+ dependency on shared controls | AI8: fixed conflicts + Yet to raise to catalyst | AK8: Please resolve the merge conflicts, prioritize and complete this | AL8: There are existing bugs + fixed bugs + QE testing yet to be done + PR is vth ascendion | AM8: fixed bug + PR is vth catalyst + Fixed merge conflicts | AW8: 1
A9: Assessment | B9: assessments\reports\assessmentQuestionAnalysis.aspx.cs | C9: 989551 | D9: 2.4 | E9: Sohith | F9: 8889 | G9: TCR Testing In Progress | H9: 46154 | I9: 46161 | J9: 46174 | K9: 46174 | L9: No | M9: 46170 | N9: 46163 | O9: 46184 | R9: 13 | S9: Delayed release because of Shared Control dependencies | Z9: Dev completed + internal QE is done + Yet to create PR + yet to fix copilot comments | AA9: Resolve CoPilot comments + Raise PR + review with Abhijit + submit to Catalyst | AB9: Raised to catalyst+ Fixed PR comments + Fixed conflicts | AC9: Fix Mereg conflicts | AD9: in Progress | AE9: First approval received + Fixed merge conflicts+ dependency on shared controls | AI9: fixed conflicts + Yet to raise to catalyst | AK9: Please resolve the merge conflicts, prioritize and complete this | AL9: There are existing bugs + fixed bugs + QE testing yet to be done + PR is vth ascendion | AM9: fixed bug + PR is vth catalyst + Fixed merge conflicts | AQ9: bug received in TCR
A10: IssueAware | B10: Bug fixes in .aspx pages | E10: Vijay | F10: 8842 | G10: Prod Deployed FF ON | H10: 46148 | J10: 46150 | K10: 46150 | L10: No | M10: 46156 | N10: 46150 | O10: 46156 | P10: Live | W10: IssueAware - IssueSystem bug fix --> check with QA --> Raise PR --> Resolve Co-pilot comments --> Post it in catalyst (CSS changes only) Fixed bug + Reverted to catalyst | X10: 8842 + 8852 = Merged | AU10: 0.44
A11: AssetAware | B11: assetHistory.aspx | C11: 1042808 | D11: 2.3 | E11: Mizan | F11: 8814 | G11: Prod Deployed FF OFF | H11: 46147 | I11: 46161 | J11: 46161 | K11: 46161 | L11: No | M11: 46170 | N11: 46163 | O11: 46170 | P11: Dark | S11: On track - Dask release because of dependency on Shared Control | T11: Completed development + Creation of PR in progress | U11: Raised PR(8814) + yet to get review for the PR + Copilot comments are fixed | W11: Complete QE testing + Raised to Catalyst | AA11: Look for Catalyst comments + Reminded for approval twice still it is not approved(2nd level) | AD11: Waiting for Catalyst approval | AE11: Merged | AU11: 0.33
A12: AssetAware | B12: assetVendorAddressContact.aspx | C12: 1049318 | D12: 2.3 | E12: Swarneem | F12: 8864 | G12: TCR Testing In Progress | H12: 46150 | I12: 46167 | J12: 46167 | K12: 46167 | L12: No | M12: 46170 | N12: 46163 | O12: 46184 | R12: 10 | S12: Delayed release because of extended time taken for PR review | U12: Swarneem to take this page on 6th May | W12: Can Swarneem start on this page? | X12: Dev is completed + PR reviwed + PR (8864) + internal testing is done | Y12: Working on build issues | Z12: Working on build issues | AA12: Fixed build issues because of the shared control PR | AB12: twice fixed merge conflicts | AC12: waiting for catalyst approval | AD12: dependency on shared controls | AI12: Approved & Merged | AS12: 0.16 | AU12: 0.38 | AV12: 0.53 | AW12: 0.95
A13: Library | B13: library/searchResults.aspx | E13: Prem | F13: 8795 | G13: TCR Testing in progress | H13: 46146 | J13: 46167 | K13: 46167 | M13: 46184 | N13: 46178 | O13: 46184 | S13: On Track - TCR Testing on progress | T13: Raised PR(8795) + Copilot comments fixed Abhijit reveiwed PR + QE testing completed | W13: Resolve CoPilot comments for this PR Resolved copilot comments + Reverted to catalyst | X13: 8795 - Received copilot comments + Reverted back MErge conflicts fixed | Y13: Received conflicts + Done with conflicts | AA13: Look for Catalyst comments + No updates from catalyst | AB13: fixed merge conflicts + reverted | AD13: received PR comments + copilot comments fixed & reverted | AE13: PR approved | AF13: require 2nd approval (1st approval got revoked) recieved merge cinflicts but on monday we will raise to catalyst | AI13: Merged | AV13: 0.5 | AW13: 0.97
A14: Content | B14: content\elmItemInteractive.aspx | C14: 1049384 | D14: 2.3 | E14: Ramesh | F14: 8815 | G14: TCR Testing in progress | H14: 46147 | J14: 46156 | K14: 46156 | L14: No | M14: 46184 | N14: 46177 | O14: 46170 | P14: Dark | R14: 6 | S14: On Track - TCR Testing on progress | U14: Development completed + PR Raised(8815) + Copilot comments fixed + PR reveiwed by abhijit + internal testing is done + raised to Catalyst | W14: Look for Catalyst review comments, resolve comments as received Recived Merge conflicts fixed + Reverted to catalyst | X14: Received PR comments + Fixed + approved | Y14: Merge conflicts fixed + waiting for one more approval | Z14: Catalyst need to approve again 8815 - Fixed merge conflicts | AA14: Resubmit to Catalyst for approval Still with catalyst | AB14: Fixed Merge conflicts + fixed copilot comments + again received merge conflicts(fixed) +Reverted thrice recieved merge conflicts | AC14: Merged | AQ14: 1 TCR bug received | AS14: 0.18
A15: Content | B15: content\hyperlink.aspx | C15: 989555 | D15: 2.3 | E15: Rizwana | F15: 8802 | G15: TCR Testing in progress | H15: 46146 | J15: 46153 | K15: 46153 | L15: No | M15: 46184 | N15: 46177 | O15: 46170 | P15: Dark | S15: On Track - TCR Testing on progress | T15: Raised PR(8802) + Copilot comments +Abhijit Reviwed PR + QE testing is completed + raised to Catalyst | W15: Catalyst team approved this PR. Rizwana to resolve conflict and get approval again Resolved merge conflicts + first round is approved + Kept in on hold (merge conflicts) | X15: 8802 is approved - Yet to merge (planned for 14th May release) | Y15: Approved + Merge conflicts + Merged (11th May)
A16: Content | B16: content\timeline.aspx.cs | C16: 1049384 | D16: 2.3 | E16: Rizwana | F16: 8817 | G16: TCR Testing in progress | H16: 46147 | J16: 46156 | K16: 46156 | L16: No | M16: 46184 | N16: 46177 | O16: 46170 | P16: Dark | R16: 6 | S16: On Track - TCR Testing on progress | U16: Development completed +PR Raised(8817) + copilot comments fixed + internal testing is done + PR review is done by abhijit + raised to Catalyst | W16: Look for Catalyst review comments, resolve comments as received Resolved merge conflicts + Fixed copilot comments | Y16: Merge conflicts fixed on 11May | AA16: PR approved | AB16: Merged | AS16: 0.13
A17: Content | B17: content/grammarTool.aspx | C17: 1049384 | D17: 2.3 | E17: Amol | F17: 8818 | G17: TCR Testing in progress | H17: 46147 | J17: 46156 | K17: 46156 | L17: Yes | M17: 46184 | N17: 46177 | O17: 46170 | P17: Dark | Q17: 9009 | R17: 6 | S17: On Track - TCR Testing on progress | U17: Dev Completed + PR Raised(8818) + Fixed Copilot comments + Abhijit reveiwed PR + internal testing is done + raised to Catalyst | W17: Look for Catalyst review comments, resolve comments as received + Amol to resolved conflicts Fixed Copilot comments + Fixed conflicts (reverted PR to catalyst) | Y17: approved + Merge conflicts | Z17: On leave | AA17: Resolve merge conflicts + re-submit for approval to Catalyst | AB17: Merged | AE17: dependency on shared control PR | AV17: 0.45 | AW17: 0.85
